date_actual,CIT_Short,player
2012-01-03 00:00:00,-67168,Com
2012-01-03 00:00:00,-7087,Index
2012-01-03 00:00:00,-19728,Ncom
2012-01-03 00:00:00,-8538,Nrep
2012-01-10 00:00:00,-71007,Com
2012-01-10 00:00:00,-7754,Index
2012-01-10 00:00:00,-23140,Ncom
2012-01-10 00:00:00,-8034,Nrep
2012-01-17 00:00:00,-75261,Com
2012-01-17 00:00:00,-7724,Index
2012-01-17 00:00:00,-19390,Ncom
2012-01-17 00:00:00,-8617,Nrep
2012-01-24 00:00:00,-78523,Com
2012-01-24 00:00:00,-6605,Index
2012-01-24 00:00:00,-21816,Ncom
2012-01-24 00:00:00,-8455,Nrep
2012-01-31 00:00:00,-78944,Com
2012-01-31 00:00:00,-7081,Index
2012-01-31 00:00:00,-25036,Ncom
2012-01-31 00:00:00,-9497,Nrep
2012-02-07 00:00:00,-85918,Com
2012-02-07 00:00:00,-7466,Index
2012-02-07 00:00:00,-27042,Ncom
2012-02-07 00:00:00,-9240,Nrep
2012-02-14 00:00:00,-77546,Com
2012-02-14 00:00:00,-6962,Index
2012-02-14 00:00:00,-30293,Ncom
2012-02-14 00:00:00,-8320,Nrep
2012-02-21 00:00:00,-75290,Com
2012-02-21 00:00:00,-7327,Index
2012-02-21 00:00:00,-32966,Ncom
2012-02-21 00:00:00,-7995,Nrep
2012-02-28 00:00:00,-76471,Com
2012-02-28 00:00:00,-7725,Index
2012-02-28 00:00:00,-35218,Ncom
2012-02-28 00:00:00,-9315,Nrep
2012-03-06 00:00:00,-78407,Com
2012-03-06 00:00:00,-7696,Index
2012-03-06 00:00:00,-36874,Ncom
2012-03-06 00:00:00,-9876,Nrep
2012-03-13 00:00:00,-81372,Com
2012-03-13 00:00:00,-7933,Index
2012-03-13 00:00:00,-38720,Ncom
2012-03-13 00:00:00,-9759,Nrep
2012-03-20 00:00:00,-85367,Com
2012-03-20 00:00:00,-8270,Index
2012-03-20 00:00:00,-41224,Ncom
2012-03-20 00:00:00,-10258,Nrep
2012-03-27 00:00:00,-89529,Com
2012-03-27 00:00:00,-8068,Index
2012-03-27 00:00:00,-40167,Ncom
2012-03-27 00:00:00,-9633,Nrep
2012-04-03 00:00:00,-91526,Com
2012-04-03 00:00:00,-9649,Index
2012-04-03 00:00:00,-38533,Ncom
2012-04-03 00:00:00,-9314,Nrep
2012-04-10 00:00:00,-93848,Com
2012-04-10 00:00:00,-9622,Index
2012-04-10 00:00:00,-40264,Ncom
2012-04-10 00:00:00,-8394,Nrep
2012-04-17 00:00:00,-84264,Com
2012-04-17 00:00:00,-6767,Index
2012-04-17 00:00:00,-40743,Ncom
2012-04-17 00:00:00,-7564,Nrep
2012-04-24 00:00:00,-85445,Com
2012-04-24 00:00:00,-8276,Index
2012-04-24 00:00:00,-40296,Ncom
2012-04-24 00:00:00,-7707,Nrep
2012-05-01 00:00:00,-84993,Com
2012-05-01 00:00:00,-8204,Index
2012-05-01 00:00:00,-39802,Ncom
2012-05-01 00:00:00,-7823,Nrep
2012-05-08 00:00:00,-84244,Com
2012-05-08 00:00:00,-9360,Index
2012-05-08 00:00:00,-41142,Ncom
2012-05-08 00:00:00,-7190,Nrep
2012-05-15 00:00:00,-86222,Com
2012-05-15 00:00:00,-9173,Index
2012-05-15 00:00:00,-38074,Ncom
2012-05-15 00:00:00,-6930,Nrep
2012-05-22 00:00:00,-87965,Com
2012-05-22 00:00:00,-9160,Index
2012-05-22 00:00:00,-37677,Ncom
2012-05-22 00:00:00,-7891,Nrep
2012-05-29 00:00:00,-87046,Com
2012-05-29 00:00:00,-8696,Index
2012-05-29 00:00:00,-38845,Ncom
2012-05-29 00:00:00,-9076,Nrep
2012-06-05 00:00:00,-88751,Com
2012-06-05 00:00:00,-11300,Index
2012-06-05 00:00:00,-39159,Ncom
2012-06-05 00:00:00,-8818,Nrep
2012-06-12 00:00:00,-85847,Com
2012-06-12 00:00:00,-8597,Index
2012-06-12 00:00:00,-40330,Ncom
2012-06-12 00:00:00,-8461,Nrep
2012-06-19 00:00:00,-82414,Com
2012-06-19 00:00:00,-7632,Index
2012-06-19 00:00:00,-40265,Ncom
2012-06-19 00:00:00,-8588,Nrep
2012-06-26 00:00:00,-83207,Com
2012-06-26 00:00:00,-7597,Index
2012-06-26 00:00:00,-39486,Ncom
2012-06-26 00:00:00,-8739,Nrep
2012-07-03 00:00:00,-90145,Com
2012-07-03 00:00:00,-7143,Index
2012-07-03 00:00:00,-34257,Ncom
2012-07-03 00:00:00,-7215,Nrep
2012-07-10 00:00:00,-95760,Com
2012-07-10 00:00:00,-7969,Index
2012-07-10 00:00:00,-29103,Ncom
2012-07-10 00:00:00,-5324,Nrep
2012-07-17 00:00:00,-96563,Com
2012-07-17 00:00:00,-6514,Index
2012-07-17 00:00:00,-26950,Ncom
2012-07-17 00:00:00,-8902,Nrep
2012-07-24 00:00:00,-95876,Com
2012-07-24 00:00:00,-4779,Index
2012-07-24 00:00:00,-26023,Ncom
2012-07-24 00:00:00,-9039,Nrep
2012-07-31 00:00:00,-96339,Com
2012-07-31 00:00:00,-4605,Index
2012-07-31 00:00:00,-26230,Ncom
2012-07-31 00:00:00,-8951,Nrep
2012-08-07 00:00:00,-94692,Com
2012-08-07 00:00:00,-3694,Index
2012-08-07 00:00:00,-28438,Ncom
2012-08-07 00:00:00,-8579,Nrep
2012-08-14 00:00:00,-82397,Com
2012-08-14 00:00:00,-4611,Index
2012-08-14 00:00:00,-35241,Ncom
2012-08-14 00:00:00,-9046,Nrep
2012-08-21 00:00:00,-77632,Com
2012-08-21 00:00:00,-3890,Index
2012-08-21 00:00:00,-42943,Ncom
2012-08-21 00:00:00,-8809,Nrep
2012-08-28 00:00:00,-76370,Com
2012-08-28 00:00:00,-4187,Index
2012-08-28 00:00:00,-45791,Ncom
2012-08-28 00:00:00,-8424,Nrep
2012-09-04 00:00:00,-75001,Com
2012-09-04 00:00:00,-4041,Index
2012-09-04 00:00:00,-48431,Ncom
2012-09-04 00:00:00,-8890,Nrep
2012-09-11 00:00:00,-79522,Com
2012-09-11 00:00:00,-4573,Index
2012-09-11 00:00:00,-47538,Ncom
2012-09-11 00:00:00,-8710,Nrep
2012-09-18 00:00:00,-83648,Com
2012-09-18 00:00:00,-4507,Index
2012-09-18 00:00:00,-37658,Ncom
2012-09-18 00:00:00,-8445,Nrep
2012-09-25 00:00:00,-85197,Com
2012-09-25 00:00:00,-2933,Index
2012-09-25 00:00:00,-35760,Ncom
2012-09-25 00:00:00,-8761,Nrep
2012-10-02 00:00:00,-94661,Com
2012-10-02 00:00:00,-3317,Index
2012-10-02 00:00:00,-30820,Ncom
2012-10-02 00:00:00,-6316,Nrep
2012-10-09 00:00:00,-89002,Com
2012-10-09 00:00:00,-3778,Index
2012-10-09 00:00:00,-31221,Ncom
2012-10-09 00:00:00,-8022,Nrep
2012-10-16 00:00:00,-81663,Com
2012-10-16 00:00:00,-4189,Index
2012-10-16 00:00:00,-40028,Ncom
2012-10-16 00:00:00,-9104,Nrep
2012-10-23 00:00:00,-78318,Com
2012-10-23 00:00:00,-3627,Index
2012-10-23 00:00:00,-42790,Ncom
2012-10-23 00:00:00,-9851,Nrep
2012-10-30 00:00:00,-75521,Com
2012-10-30 00:00:00,-4274,Index
2012-10-30 00:00:00,-43975,Ncom
2012-10-30 00:00:00,-10277,Nrep
2012-11-06 00:00:00,-74332,Com
2012-11-06 00:00:00,-5172,Index
2012-11-06 00:00:00,-49321,Ncom
2012-11-06 00:00:00,-10830,Nrep
2012-11-13 00:00:00,-63324,Com
2012-11-13 00:00:00,-2567,Index
2012-11-13 00:00:00,-54719,Ncom
2012-11-13 00:00:00,-10699,Nrep
2012-11-20 00:00:00,-62312,Com
2012-11-20 00:00:00,-2390,Index
2012-11-20 00:00:00,-56357,Ncom
2012-11-20 00:00:00,-8913,Nrep
2012-11-27 00:00:00,-63454,Com
2012-11-27 00:00:00,-2497,Index
2012-11-27 00:00:00,-55671,Ncom
2012-11-27 00:00:00,-9235,Nrep
2012-12-04 00:00:00,-63396,Com
2012-12-04 00:00:00,-2479,Index
2012-12-04 00:00:00,-56452,Ncom
2012-12-04 00:00:00,-10321,Nrep
2012-12-11 00:00:00,-66012,Com
2012-12-11 00:00:00,-2509,Index
2012-12-11 00:00:00,-55305,Ncom
2012-12-11 00:00:00,-9447,Nrep
2012-12-18 00:00:00,-66112,Com
2012-12-18 00:00:00,-2725,Index
2012-12-18 00:00:00,-57324,Ncom
2012-12-18 00:00:00,-10389,Nrep
2012-12-24 00:00:00,-66745,Com
2012-12-24 00:00:00,-2551,Index
2012-12-24 00:00:00,-57589,Ncom
2012-12-24 00:00:00,-6730,Nrep
2012-12-31 00:00:00,-67622,Com
2012-12-31 00:00:00,-2470,Index
2012-12-31 00:00:00,-56764,Ncom
2012-12-31 00:00:00,-9791,Nrep
2013-01-08 00:00:00,-72308,Com
2013-01-08 00:00:00,-3352,Index
2013-01-08 00:00:00,-57489,Ncom
2013-01-08 00:00:00,-8833,Nrep
2013-01-15 00:00:00,-80538,Com
2013-01-15 00:00:00,-3599,Index
2013-01-15 00:00:00,-49630,Ncom
2013-01-15 00:00:00,-9207,Nrep
2013-01-22 00:00:00,-82913,Com
2013-01-22 00:00:00,-4387,Index
2013-01-22 00:00:00,-48031,Ncom
2013-01-22 00:00:00,-10521,Nrep
2013-01-29 00:00:00,-84276,Com
2013-01-29 00:00:00,-4701,Index
2013-01-29 00:00:00,-46393,Ncom
2013-01-29 00:00:00,-9761,Nrep
2013-02-05 00:00:00,-83705,Com
2013-02-05 00:00:00,-5104,Index
2013-02-05 00:00:00,-52568,Ncom
2013-02-05 00:00:00,-9365,Nrep
2013-02-12 00:00:00,-73294,Com
2013-02-12 00:00:00,-5693,Index
2013-02-12 00:00:00,-61419,Ncom
2013-02-12 00:00:00,-9484,Nrep
2013-02-19 00:00:00,-70575,Com
2013-02-19 00:00:00,-4298,Index
2013-02-19 00:00:00,-66491,Ncom
2013-02-19 00:00:00,-9396,Nrep
2013-02-26 00:00:00,-75728,Com
2013-02-26 00:00:00,-3018,Index
2013-02-26 00:00:00,-65128,Ncom
2013-02-26 00:00:00,-9383,Nrep
2013-03-05 00:00:00,-77625,Com
2013-03-05 00:00:00,-2899,Index
2013-03-05 00:00:00,-66546,Ncom
2013-03-05 00:00:00,-9508,Nrep
2013-03-12 00:00:00,-78234,Com
2013-03-12 00:00:00,-2944,Index
2013-03-12 00:00:00,-64555,Ncom
2013-03-12 00:00:00,-9027,Nrep
2013-03-19 00:00:00,-78021,Com
2013-03-19 00:00:00,-2983,Index
2013-03-19 00:00:00,-71980,Ncom
2013-03-19 00:00:00,-10866,Nrep
2013-03-26 00:00:00,-78840,Com
2013-03-26 00:00:00,-3301,Index
2013-03-26 00:00:00,-71164,Ncom
2013-03-26 00:00:00,-9092,Nrep
2013-04-02 00:00:00,-80170,Com
2013-04-02 00:00:00,-3709,Index
2013-04-02 00:00:00,-68122,Ncom
2013-04-02 00:00:00,-9967,Nrep
2013-04-09 00:00:00,-82071,Com
2013-04-09 00:00:00,-4896,Index
2013-04-09 00:00:00,-64302,Ncom
2013-04-09 00:00:00,-8605,Nrep
2013-04-16 00:00:00,-78150,Com
2013-04-16 00:00:00,-4138,Index
2013-04-16 00:00:00,-65470,Ncom
2013-04-16 00:00:00,-8820,Nrep
2013-04-23 00:00:00,-82718,Com
2013-04-23 00:00:00,-3993,Index
2013-04-23 00:00:00,-56289,Ncom
2013-04-23 00:00:00,-7823,Nrep
2013-04-30 00:00:00,-82025,Com
2013-04-30 00:00:00,-3683,Index
2013-04-30 00:00:00,-61230,Ncom
2013-04-30 00:00:00,-9001,Nrep
2013-05-07 00:00:00,-88425,Com
2013-05-07 00:00:00,-3370,Index
2013-05-07 00:00:00,-49287,Ncom
2013-05-07 00:00:00,-9470,Nrep
2013-05-14 00:00:00,-98028,Com
2013-05-14 00:00:00,-3237,Index
2013-05-14 00:00:00,-40282,Ncom
2013-05-14 00:00:00,-8361,Nrep
2013-05-21 00:00:00,-90917,Com
2013-05-21 00:00:00,-3121,Index
2013-05-21 00:00:00,-49540,Ncom
2013-05-21 00:00:00,-9199,Nrep
2013-05-28 00:00:00,-90303,Com
2013-05-28 00:00:00,-3454,Index
2013-05-28 00:00:00,-61955,Ncom
2013-05-28 00:00:00,-10738,Nrep
2013-06-04 00:00:00,-90474,Com
2013-06-04 00:00:00,-3815,Index
2013-06-04 00:00:00,-67047,Ncom
2013-06-04 00:00:00,-11374,Nrep
2013-06-11 00:00:00,-90781,Com
2013-06-11 00:00:00,-3716,Index
2013-06-11 00:00:00,-67793,Ncom
2013-06-11 00:00:00,-12001,Nrep
2013-06-18 00:00:00,-77086,Com
2013-06-18 00:00:00,-2584,Index
2013-06-18 00:00:00,-66664,Ncom
2013-06-18 00:00:00,-9747,Nrep
2013-06-25 00:00:00,-69893,Com
2013-06-25 00:00:00,-2382,Index
2013-06-25 00:00:00,-66553,Ncom
2013-06-25 00:00:00,-8584,Nrep
2013-07-02 00:00:00,-73571,Com
2013-07-02 00:00:00,-2354,Index
2013-07-02 00:00:00,-61226,Ncom
2013-07-02 00:00:00,-8645,Nrep
2013-07-09 00:00:00,-74279,Com
2013-07-09 00:00:00,-1873,Index
2013-07-09 00:00:00,-61626,Ncom
2013-07-09 00:00:00,-8753,Nrep
2013-07-16 00:00:00,-79079,Com
2013-07-16 00:00:00,-1784,Index
2013-07-16 00:00:00,-57466,Ncom
2013-07-16 00:00:00,-8196,Nrep
2013-07-23 00:00:00,-85779,Com
2013-07-23 00:00:00,-1731,Index
2013-07-23 00:00:00,-49433,Ncom
2013-07-23 00:00:00,-7817,Nrep
2013-07-30 00:00:00,-86861,Com
2013-07-30 00:00:00,-1177,Index
2013-07-30 00:00:00,-50118,Ncom
2013-07-30 00:00:00,-8031,Nrep
2013-08-06 00:00:00,-84475,Com
2013-08-06 00:00:00,-1311,Index
2013-08-06 00:00:00,-56558,Ncom
2013-08-06 00:00:00,-9512,Nrep
2013-08-13 00:00:00,-78206,Com
2013-08-13 00:00:00,-1333,Index
2013-08-13 00:00:00,-52519,Ncom
2013-08-13 00:00:00,-9311,Nrep
2013-08-20 00:00:00,-71220,Com
2013-08-20 00:00:00,-859,Index
2013-08-20 00:00:00,-53049,Ncom
2013-08-20 00:00:00,-8550,Nrep
2013-08-27 00:00:00,-69204,Com
2013-08-27 00:00:00,-841,Index
2013-08-27 00:00:00,-58795,Ncom
2013-08-27 00:00:00,-8173,Nrep
2013-09-03 00:00:00,-70605,Com
2013-09-03 00:00:00,-896,Index
2013-09-03 00:00:00,-58860,Ncom
2013-09-03 00:00:00,-8723,Nrep
2013-09-10 00:00:00,-70742,Com
2013-09-10 00:00:00,-950,Index
2013-09-10 00:00:00,-61762,Ncom
2013-09-10 00:00:00,-9722,Nrep
2013-09-17 00:00:00,-69987,Com
2013-09-17 00:00:00,-1000,Index
2013-09-17 00:00:00,-63127,Ncom
2013-09-17 00:00:00,-9789,Nrep
2013-09-24 00:00:00,-70640,Com
2013-09-24 00:00:00,-1257,Index
2013-09-24 00:00:00,-60274,Ncom
2013-09-24 00:00:00,-9394,Nrep
2013-10-01 00:00:00,-71738,Com
2013-10-01 00:00:00,-1319,Index
2013-10-01 00:00:00,-60997,Ncom
2013-10-01 00:00:00,-9503,Nrep
2013-10-08 00:00:00,-73330,Com
2013-10-08 00:00:00,-1431,Index
2013-10-08 00:00:00,-60088,Ncom
2013-10-08 00:00:00,-9031,Nrep
2013-10-15 00:00:00,-77483,Com
2013-10-15 00:00:00,-1390,Index
2013-10-15 00:00:00,-54559,Ncom
2013-10-15 00:00:00,-8807,Nrep
2013-10-22 00:00:00,-76976,Com
2013-10-22 00:00:00,-1579,Index
2013-10-22 00:00:00,-60355,Ncom
2013-10-22 00:00:00,-8321,Nrep
2013-10-29 00:00:00,-78854,Com
2013-10-29 00:00:00,-1600,Index
2013-10-29 00:00:00,-66079,Ncom
2013-10-29 00:00:00,-9659,Nrep
2013-11-05 00:00:00,-79434,Com
2013-11-05 00:00:00,-1835,Index
2013-11-05 00:00:00,-71033,Ncom
2013-11-05 00:00:00,-9213,Nrep
2013-11-12 00:00:00,-73808,Com
2013-11-12 00:00:00,-1705,Index
2013-11-12 00:00:00,-68594,Ncom
2013-11-12 00:00:00,-7169,Nrep
2013-11-19 00:00:00,-71610,Com
2013-11-19 00:00:00,-1727,Index
2013-11-19 00:00:00,-64858,Ncom
2013-11-19 00:00:00,-6487,Nrep
2013-11-26 00:00:00,-73454,Com
2013-11-26 00:00:00,-1682,Index
2013-11-26 00:00:00,-61003,Ncom
2013-11-26 00:00:00,-5670,Nrep
2013-12-03 00:00:00,-73061,Com
2013-12-03 00:00:00,-1465,Index
2013-12-03 00:00:00,-58747,Ncom
2013-12-03 00:00:00,-5862,Nrep
2013-12-10 00:00:00,-73523,Com
2013-12-10 00:00:00,-1730,Index
2013-12-10 00:00:00,-60658,Ncom
2013-12-10 00:00:00,-6881,Nrep
2013-12-17 00:00:00,-78750,Com
2013-12-17 00:00:00,-1728,Index
2013-12-17 00:00:00,-51363,Ncom
2013-12-17 00:00:00,-6834,Nrep
2013-12-24 00:00:00,-81537,Com
2013-12-24 00:00:00,-1655,Index
2013-12-24 00:00:00,-46311,Ncom
2013-12-24 00:00:00,-7455,Nrep
2013-12-31 00:00:00,-81302,Com
2013-12-31 00:00:00,-1731,Index
2013-12-31 00:00:00,-45947,Ncom
2013-12-31 00:00:00,-6560,Nrep
2014-01-07 00:00:00,-86629,Com
2014-01-07 00:00:00,-2018,Index
2014-01-07 00:00:00,-42186,Ncom
2014-01-07 00:00:00,-7878,Nrep
2014-01-14 00:00:00,-90745,Com
2014-01-14 00:00:00,-2514,Index
2014-01-14 00:00:00,-40440,Ncom
2014-01-14 00:00:00,-8596,Nrep
2014-01-21 00:00:00,-89548,Com
2014-01-21 00:00:00,-2626,Index
2014-01-21 00:00:00,-42135,Ncom
2014-01-21 00:00:00,-8388,Nrep
2014-01-28 00:00:00,-89852,Com
2014-01-28 00:00:00,-3031,Index
2014-01-28 00:00:00,-46411,Ncom
2014-01-28 00:00:00,-8283,Nrep
2014-02-04 00:00:00,-107880,Com
2014-02-04 00:00:00,-3321,Index
2014-02-04 00:00:00,-35771,Ncom
2014-02-04 00:00:00,-8992,Nrep
2014-02-11 00:00:00,-124237,Com
2014-02-11 00:00:00,-3482,Index
2014-02-11 00:00:00,-25645,Ncom
2014-02-11 00:00:00,-8014,Nrep
2014-02-18 00:00:00,-131554,Com
2014-02-18 00:00:00,-3548,Index
2014-02-18 00:00:00,-21337,Ncom
2014-02-18 00:00:00,-7464,Nrep
2014-02-25 00:00:00,-134891,Com
2014-02-25 00:00:00,-4362,Index
2014-02-25 00:00:00,-14880,Ncom
2014-02-25 00:00:00,-7669,Nrep
2014-03-04 00:00:00,-142148,Com
2014-03-04 00:00:00,-5541,Index
2014-03-04 00:00:00,-11647,Ncom
2014-03-04 00:00:00,-6339,Nrep
2014-03-11 00:00:00,-151074,Com
2014-03-11 00:00:00,-6192,Index
2014-03-11 00:00:00,-9601,Ncom
2014-03-11 00:00:00,-5964,Nrep
2014-03-18 00:00:00,-148896,Com
2014-03-18 00:00:00,-5978,Index
2014-03-18 00:00:00,-8288,Ncom
2014-03-18 00:00:00,-6415,Nrep
2014-03-25 00:00:00,-149041,Com
2014-03-25 00:00:00,-5596,Index
2014-03-25 00:00:00,-9265,Ncom
2014-03-25 00:00:00,-5655,Nrep
2014-04-01 00:00:00,-146089,Com
2014-04-01 00:00:00,-6013,Index
2014-04-01 00:00:00,-10092,Ncom
2014-04-01 00:00:00,-4879,Nrep
2014-04-08 00:00:00,-143437,Com
2014-04-08 00:00:00,-6251,Index
2014-04-08 00:00:00,-10447,Ncom
2014-04-08 00:00:00,-3978,Nrep
2014-04-15 00:00:00,-137680,Com
2014-04-15 00:00:00,-5038,Index
2014-04-15 00:00:00,-8117,Ncom
2014-04-15 00:00:00,-5604,Nrep
2014-04-22 00:00:00,-138263,Com
2014-04-22 00:00:00,-5525,Index
2014-04-22 00:00:00,-8306,Ncom
2014-04-22 00:00:00,-3461,Nrep
2014-04-29 00:00:00,-139752,Com
2014-04-29 00:00:00,-6578,Index
2014-04-29 00:00:00,-7568,Ncom
2014-04-29 00:00:00,-3540,Nrep
2014-05-06 00:00:00,-138770,Com
2014-05-06 00:00:00,-6292,Index
2014-05-06 00:00:00,-7237,Ncom
2014-05-06 00:00:00,-3689,Nrep
2014-05-13 00:00:00,-137361,Com
2014-05-13 00:00:00,-6541,Index
2014-05-13 00:00:00,-8319,Ncom
2014-05-13 00:00:00,-4180,Nrep
2014-05-20 00:00:00,-138717,Com
2014-05-20 00:00:00,-6470,Index
2014-05-20 00:00:00,-8461,Ncom
2014-05-20 00:00:00,-4245,Nrep
2014-05-27 00:00:00,-137586,Com
2014-05-27 00:00:00,-6377,Index
2014-05-27 00:00:00,-10104,Ncom
2014-05-27 00:00:00,-4674,Nrep
2014-06-03 00:00:00,-135203,Com
2014-06-03 00:00:00,-6814,Index
2014-06-03 00:00:00,-10839,Ncom
2014-06-03 00:00:00,-4892,Nrep
2014-06-10 00:00:00,-138503,Com
2014-06-10 00:00:00,-7735,Index
2014-06-10 00:00:00,-11067,Ncom
2014-06-10 00:00:00,-5799,Nrep
2014-06-17 00:00:00,-132402,Com
2014-06-17 00:00:00,-6491,Index
2014-06-17 00:00:00,-10647,Ncom
2014-06-17 00:00:00,-5521,Nrep
2014-06-24 00:00:00,-129514,Com
2014-06-24 00:00:00,-6117,Index
2014-06-24 00:00:00,-9842,Ncom
2014-06-24 00:00:00,-4099,Nrep
2014-07-01 00:00:00,-130560,Com
2014-07-01 00:00:00,-6967,Index
2014-07-01 00:00:00,-10653,Ncom
2014-07-01 00:00:00,-3283,Nrep
2014-07-08 00:00:00,-128747,Com
2014-07-08 00:00:00,-7058,Index
2014-07-08 00:00:00,-10336,Ncom
2014-07-08 00:00:00,-4185,Nrep
2014-07-15 00:00:00,-127897,Com
2014-07-15 00:00:00,-6526,Index
2014-07-15 00:00:00,-13574,Ncom
2014-07-15 00:00:00,-4585,Nrep
2014-07-22 00:00:00,-128328,Com
2014-07-22 00:00:00,-6409,Index
2014-07-22 00:00:00,-12747,Ncom
2014-07-22 00:00:00,-5260,Nrep
2014-07-29 00:00:00,-132013,Com
2014-07-29 00:00:00,-6755,Index
2014-07-29 00:00:00,-10238,Ncom
2014-07-29 00:00:00,-6255,Nrep
2014-08-05 00:00:00,-135521,Com
2014-08-05 00:00:00,-6447,Index
2014-08-05 00:00:00,-8410,Ncom
2014-08-05 00:00:00,-5030,Nrep
2014-08-12 00:00:00,-128900,Com
2014-08-12 00:00:00,-6216,Index
2014-08-12 00:00:00,-9491,Ncom
2014-08-12 00:00:00,-4445,Nrep
2014-08-19 00:00:00,-129979,Com
2014-08-19 00:00:00,-5379,Index
2014-08-19 00:00:00,-9417,Ncom
2014-08-19 00:00:00,-5073,Nrep
2014-08-26 00:00:00,-126222,Com
2014-08-26 00:00:00,-5220,Index
2014-08-26 00:00:00,-9694,Ncom
2014-08-26 00:00:00,-4430,Nrep
2014-09-02 00:00:00,-129418,Com
2014-09-02 00:00:00,-5023,Index
2014-09-02 00:00:00,-9445,Ncom
2014-09-02 00:00:00,-4476,Nrep
2014-09-09 00:00:00,-131355,Com
2014-09-09 00:00:00,-5007,Index
2014-09-09 00:00:00,-11655,Ncom
2014-09-09 00:00:00,-4129,Nrep
2014-09-16 00:00:00,-129084,Com
2014-09-16 00:00:00,-4236,Index
2014-09-16 00:00:00,-12498,Ncom
2014-09-16 00:00:00,-3475,Nrep
2014-09-23 00:00:00,-125737,Com
2014-09-23 00:00:00,-3957,Index
2014-09-23 00:00:00,-13503,Ncom
2014-09-23 00:00:00,-4756,Nrep
2014-09-30 00:00:00,-130794,Com
2014-09-30 00:00:00,-4790,Index
2014-09-30 00:00:00,-11346,Ncom
2014-09-30 00:00:00,-4708,Nrep
2014-10-07 00:00:00,-141949,Com
2014-10-07 00:00:00,-5788,Index
2014-10-07 00:00:00,-9650,Ncom
2014-10-07 00:00:00,-4963,Nrep
2014-10-14 00:00:00,-146458,Com
2014-10-14 00:00:00,-6669,Index
2014-10-14 00:00:00,-7889,Ncom
2014-10-14 00:00:00,-5025,Nrep
2014-10-21 00:00:00,-149185,Com
2014-10-21 00:00:00,-5698,Index
2014-10-21 00:00:00,-6604,Ncom
2014-10-21 00:00:00,-4446,Nrep
2014-10-28 00:00:00,-145400,Com
2014-10-28 00:00:00,-6142,Index
2014-10-28 00:00:00,-7329,Ncom
2014-10-28 00:00:00,-3305,Nrep
2014-11-04 00:00:00,-138246,Com
2014-11-04 00:00:00,-6299,Index
2014-11-04 00:00:00,-8340,Ncom
2014-11-04 00:00:00,-5489,Nrep
2014-11-11 00:00:00,-135246,Com
2014-11-11 00:00:00,-6571,Index
2014-11-11 00:00:00,-8352,Ncom
2014-11-11 00:00:00,-6502,Nrep
2014-11-18 00:00:00,-129197,Com
2014-11-18 00:00:00,-5130,Index
2014-11-18 00:00:00,-7591,Ncom
2014-11-18 00:00:00,-5287,Nrep
2014-11-25 00:00:00,-130897,Com
2014-11-25 00:00:00,-5174,Index
2014-11-25 00:00:00,-6137,Ncom
2014-11-25 00:00:00,-5058,Nrep
2014-12-02 00:00:00,-131433,Com
2014-12-02 00:00:00,-4907,Index
2014-12-02 00:00:00,-8536,Ncom
2014-12-02 00:00:00,-2844,Nrep
2014-12-09 00:00:00,-127870,Com
2014-12-09 00:00:00,-4918,Index
2014-12-09 00:00:00,-10466,Ncom
2014-12-09 00:00:00,-6417,Nrep
2014-12-16 00:00:00,-126351,Com
2014-12-16 00:00:00,-4661,Index
2014-12-16 00:00:00,-10551,Ncom
2014-12-16 00:00:00,-6966,Nrep
2014-12-23 00:00:00,-127261,Com
2014-12-23 00:00:00,-5116,Index
2014-12-23 00:00:00,-12693,Ncom
2014-12-23 00:00:00,-7468,Nrep
2014-12-30 00:00:00,-125627,Com
2014-12-30 00:00:00,-5606,Index
2014-12-30 00:00:00,-15978,Ncom
2014-12-30 00:00:00,-7865,Nrep
2015-01-06 00:00:00,-128007,Com
2015-01-06 00:00:00,-5469,Index
2015-01-06 00:00:00,-17550,Ncom
2015-01-06 00:00:00,-7641,Nrep
2015-01-13 00:00:00,-128312,Com
2015-01-13 00:00:00,-6988,Index
2015-01-13 00:00:00,-13041,Ncom
2015-01-13 00:00:00,-6960,Nrep
2015-01-20 00:00:00,-125672,Com
2015-01-20 00:00:00,-6957,Index
2015-01-20 00:00:00,-15580,Ncom
2015-01-20 00:00:00,-6641,Nrep
2015-01-27 00:00:00,-121603,Com
2015-01-27 00:00:00,-7277,Index
2015-01-27 00:00:00,-20214,Ncom
2015-01-27 00:00:00,-7061,Nrep
2015-02-03 00:00:00,-118196,Com
2015-02-03 00:00:00,-7408,Index
2015-02-03 00:00:00,-22012,Ncom
2015-02-03 00:00:00,-7722,Nrep
2015-02-10 00:00:00,-120292,Com
2015-02-10 00:00:00,-7715,Index
2015-02-10 00:00:00,-24648,Ncom
2015-02-10 00:00:00,-8544,Nrep
2015-02-17 00:00:00,-110061,Com
2015-02-17 00:00:00,-6951,Index
2015-02-17 00:00:00,-26179,Ncom
2015-02-17 00:00:00,-7998,Nrep
2015-02-24 00:00:00,-108742,Com
2015-02-24 00:00:00,-7310,Index
2015-02-24 00:00:00,-32041,Ncom
2015-02-24 00:00:00,-7303,Nrep
2015-03-03 00:00:00,-109956,Com
2015-03-03 00:00:00,-6854,Index
2015-03-03 00:00:00,-42009,Ncom
2015-03-03 00:00:00,-7463,Nrep
2015-03-10 00:00:00,-109179,Com
2015-03-10 00:00:00,-7020,Index
2015-03-10 00:00:00,-46208,Ncom
2015-03-10 00:00:00,-7298,Nrep
2015-03-17 00:00:00,-110240,Com
2015-03-17 00:00:00,-6738,Index
2015-03-17 00:00:00,-48044,Ncom
2015-03-17 00:00:00,-7519,Nrep
2015-03-24 00:00:00,-110031,Com
2015-03-24 00:00:00,-6228,Index
2015-03-24 00:00:00,-48227,Ncom
2015-03-24 00:00:00,-6595,Nrep
2015-03-31 00:00:00,-114513,Com
2015-03-31 00:00:00,-7098,Index
2015-03-31 00:00:00,-48267,Ncom
2015-03-31 00:00:00,-6094,Nrep
2015-04-07 00:00:00,-120285,Com
2015-04-07 00:00:00,-5596,Index
2015-04-07 00:00:00,-42431,Ncom
2015-04-07 00:00:00,-5323,Nrep
2015-04-14 00:00:00,-110865,Com
2015-04-14 00:00:00,-5515,Index
2015-04-14 00:00:00,-47081,Ncom
2015-04-14 00:00:00,-5002,Nrep
2015-04-21 00:00:00,-107840,Com
2015-04-21 00:00:00,-4208,Index
2015-04-21 00:00:00,-44318,Ncom
2015-04-21 00:00:00,-3571,Nrep
2015-04-28 00:00:00,-106709,Com
2015-04-28 00:00:00,-4927,Index
2015-04-28 00:00:00,-45853,Ncom
2015-04-28 00:00:00,-6938,Nrep
2015-05-05 00:00:00,-105439,Com
2015-05-05 00:00:00,-5452,Index
2015-05-05 00:00:00,-46938,Ncom
2015-05-05 00:00:00,-8056,Nrep
2015-05-12 00:00:00,-103029,Com
2015-05-12 00:00:00,-5075,Index
2015-05-12 00:00:00,-47529,Ncom
2015-05-12 00:00:00,-7924,Nrep
2015-05-19 00:00:00,-106668,Com
2015-05-19 00:00:00,-5429,Index
2015-05-19 00:00:00,-40407,Ncom
2015-05-19 00:00:00,-8705,Nrep
2015-05-26 00:00:00,-101092,Com
2015-05-26 00:00:00,-5413,Index
2015-05-26 00:00:00,-54310,Ncom
2015-05-26 00:00:00,-9601,Nrep
2015-06-02 00:00:00,-99830,Com
2015-06-02 00:00:00,-6870,Index
2015-06-02 00:00:00,-52409,Ncom
2015-06-02 00:00:00,-9913,Nrep
2015-06-09 00:00:00,-103489,Com
2015-06-09 00:00:00,-8256,Index
2015-06-09 00:00:00,-40492,Ncom
2015-06-09 00:00:00,-10322,Nrep
2015-06-16 00:00:00,-96059,Com
2015-06-16 00:00:00,-5716,Index
2015-06-16 00:00:00,-44278,Ncom
2015-06-16 00:00:00,-9589,Nrep
2015-06-23 00:00:00,-99815,Com
2015-06-23 00:00:00,-5319,Index
2015-06-23 00:00:00,-49649,Ncom
2015-06-23 00:00:00,-8261,Nrep
2015-06-30 00:00:00,-95134,Com
2015-06-30 00:00:00,-5361,Index
2015-06-30 00:00:00,-45843,Ncom
2015-06-30 00:00:00,-9229,Nrep
2015-07-07 00:00:00,-92629,Com
2015-07-07 00:00:00,-5708,Index
2015-07-07 00:00:00,-54641,Ncom
2015-07-07 00:00:00,-9521,Nrep
2015-07-14 00:00:00,-93702,Com
2015-07-14 00:00:00,-5195,Index
2015-07-14 00:00:00,-52754,Ncom
2015-07-14 00:00:00,-9577,Nrep
2015-07-21 00:00:00,-93924,Com
2015-07-21 00:00:00,-5492,Index
2015-07-21 00:00:00,-53548,Ncom
2015-07-21 00:00:00,-9493,Nrep
2015-07-28 00:00:00,-97015,Com
2015-07-28 00:00:00,-6098,Index
2015-07-28 00:00:00,-59139,Ncom
2015-07-28 00:00:00,-9497,Nrep
2015-08-04 00:00:00,-97993,Com
2015-08-04 00:00:00,-5744,Index
2015-08-04 00:00:00,-56139,Ncom
2015-08-04 00:00:00,-9431,Nrep
2015-08-11 00:00:00,-103601,Com
2015-08-11 00:00:00,-6861,Index
2015-08-11 00:00:00,-45449,Ncom
2015-08-11 00:00:00,-11627,Nrep
2015-08-18 00:00:00,-104448,Com
2015-08-18 00:00:00,-5537,Index
2015-08-18 00:00:00,-33456,Ncom
2015-08-18 00:00:00,-8087,Nrep
2015-08-25 00:00:00,-88939,Com
2015-08-25 00:00:00,-6074,Index
2015-08-25 00:00:00,-48056,Ncom
2015-08-25 00:00:00,-8940,Nrep
2015-09-01 00:00:00,-87277,Com
2015-09-01 00:00:00,-6161,Index
2015-09-01 00:00:00,-53375,Ncom
2015-09-01 00:00:00,-11267,Nrep
2015-09-08 00:00:00,-89418,Com
2015-09-08 00:00:00,-6668,Index
2015-09-08 00:00:00,-57563,Ncom
2015-09-08 00:00:00,-8318,Nrep
2015-09-15 00:00:00,-91308,Com
2015-09-15 00:00:00,-6781,Index
2015-09-15 00:00:00,-61856,Ncom
2015-09-15 00:00:00,-9734,Nrep
2015-09-22 00:00:00,-93223,Com
2015-09-22 00:00:00,-6895,Index
2015-09-22 00:00:00,-63362,Ncom
2015-09-22 00:00:00,-9535,Nrep
2015-09-29 00:00:00,-98719,Com
2015-09-29 00:00:00,-6700,Index
2015-09-29 00:00:00,-60012,Ncom
2015-09-29 00:00:00,-9146,Nrep
2015-10-06 00:00:00,-103249,Com
2015-10-06 00:00:00,-6435,Index
2015-10-06 00:00:00,-52058,Ncom
2015-10-06 00:00:00,-9454,Nrep
2015-10-13 00:00:00,-105103,Com
2015-10-13 00:00:00,-6673,Index
2015-10-13 00:00:00,-40707,Ncom
2015-10-13 00:00:00,-9709,Nrep
2015-10-20 00:00:00,-102958,Com
2015-10-20 00:00:00,-6578,Index
2015-10-20 00:00:00,-39218,Ncom
2015-10-20 00:00:00,-9483,Nrep
2015-10-27 00:00:00,-103353,Com
2015-10-27 00:00:00,-7347,Index
2015-10-27 00:00:00,-47640,Ncom
2015-10-27 00:00:00,-9470,Nrep
2015-11-03 00:00:00,-102842,Com
2015-11-03 00:00:00,-7600,Index
2015-11-03 00:00:00,-51565,Ncom
2015-11-03 00:00:00,-8821,Nrep
2015-11-10 00:00:00,-104348,Com
2015-11-10 00:00:00,-5230,Index
2015-11-10 00:00:00,-56419,Ncom
2015-11-10 00:00:00,-9896,Nrep
2015-11-17 00:00:00,-87114,Com
2015-11-17 00:00:00,-4891,Index
2015-11-17 00:00:00,-62853,Ncom
2015-11-17 00:00:00,-8608,Nrep
2015-11-24 00:00:00,-87333,Com
2015-11-24 00:00:00,-4736,Index
2015-11-24 00:00:00,-52763,Ncom
2015-11-24 00:00:00,-7850,Nrep
2015-12-01 00:00:00,-87091,Com
2015-12-01 00:00:00,-4880,Index
2015-12-01 00:00:00,-52155,Ncom
2015-12-01 00:00:00,-8601,Nrep
2015-12-08 00:00:00,-94760,Com
2015-12-08 00:00:00,-4729,Index
2015-12-08 00:00:00,-40220,Ncom
2015-12-08 00:00:00,-7883,Nrep
2015-12-15 00:00:00,-95024,Com
2015-12-15 00:00:00,-5006,Index
2015-12-15 00:00:00,-42207,Ncom
2015-12-15 00:00:00,-8321,Nrep
2015-12-22 00:00:00,-96790,Com
2015-12-22 00:00:00,-4770,Index
2015-12-22 00:00:00,-46164,Ncom
2015-12-22 00:00:00,-8568,Nrep
2015-12-29 00:00:00,-96700,Com
2015-12-29 00:00:00,-4947,Index
2015-12-29 00:00:00,-45145,Ncom
2015-12-29 00:00:00,-8248,Nrep
2016-01-05 00:00:00,-100815,Com
2016-01-05 00:00:00,-4591,Index
2016-01-05 00:00:00,-37785,Ncom
2016-01-05 00:00:00,-8261,Nrep
2016-01-12 00:00:00,-101550,Com
2016-01-12 00:00:00,-5513,Index
2016-01-12 00:00:00,-52988,Ncom
2016-01-12 00:00:00,-9478,Nrep
2016-01-19 00:00:00,-105716,Com
2016-01-19 00:00:00,-5973,Index
2016-01-19 00:00:00,-56540,Ncom
2016-01-19 00:00:00,-9541,Nrep
2016-01-26 00:00:00,-109806,Com
2016-01-26 00:00:00,-6292,Index
2016-01-26 00:00:00,-53471,Ncom
2016-01-26 00:00:00,-9665,Nrep
2016-02-02 00:00:00,-113310,Com
2016-02-02 00:00:00,-6405,Index
2016-02-02 00:00:00,-44904,Ncom
2016-02-02 00:00:00,-9801,Nrep
2016-02-09 00:00:00,-115896,Com
2016-02-09 00:00:00,-7046,Index
2016-02-09 00:00:00,-40356,Ncom
2016-02-09 00:00:00,-9725,Nrep
2016-02-16 00:00:00,-109296,Com
2016-02-16 00:00:00,-4257,Index
2016-02-16 00:00:00,-44063,Ncom
2016-02-16 00:00:00,-8675,Nrep
2016-02-23 00:00:00,-108074,Com
2016-02-23 00:00:00,-3371,Index
2016-02-23 00:00:00,-43083,Ncom
2016-02-23 00:00:00,-8508,Nrep
2016-03-01 00:00:00,-106507,Com
2016-03-01 00:00:00,-3575,Index
2016-03-01 00:00:00,-52065,Ncom
2016-03-01 00:00:00,-8605,Nrep
2016-03-08 00:00:00,-114907,Com
2016-03-08 00:00:00,-3678,Index
2016-03-08 00:00:00,-43650,Ncom
2016-03-08 00:00:00,-8918,Nrep
2016-03-15 00:00:00,-125612,Com
2016-03-15 00:00:00,-3470,Index
2016-03-15 00:00:00,-29860,Ncom
2016-03-15 00:00:00,-9552,Nrep
2016-03-22 00:00:00,-139754,Com
2016-03-22 00:00:00,-4790,Index
2016-03-22 00:00:00,-25064,Ncom
2016-03-22 00:00:00,-9092,Nrep
2016-03-29 00:00:00,-138730,Com
2016-03-29 00:00:00,-5201,Index
2016-03-29 00:00:00,-26611,Ncom
2016-03-29 00:00:00,-7776,Nrep
2016-04-05 00:00:00,-135075,Com
2016-04-05 00:00:00,-4375,Index
2016-04-05 00:00:00,-29020,Ncom
2016-04-05 00:00:00,-8745,Nrep
2016-04-12 00:00:00,-125428,Com
2016-04-12 00:00:00,-3485,Index
2016-04-12 00:00:00,-33101,Ncom
2016-04-12 00:00:00,-8396,Nrep
2016-04-19 00:00:00,-125112,Com
2016-04-19 00:00:00,-3759,Index
2016-04-19 00:00:00,-32771,Ncom
2016-04-19 00:00:00,-7384,Nrep
2016-04-26 00:00:00,-122501,Com
2016-04-26 00:00:00,-4561,Index
2016-04-26 00:00:00,-32028,Ncom
2016-04-26 00:00:00,-6752,Nrep
2016-05-03 00:00:00,-116728,Com
2016-05-03 00:00:00,-4795,Index
2016-05-03 00:00:00,-43580,Ncom
2016-05-03 00:00:00,-7923,Nrep
2016-05-10 00:00:00,-124180,Com
2016-05-10 00:00:00,-4867,Index
2016-05-10 00:00:00,-35308,Ncom
2016-05-10 00:00:00,-7557,Nrep
2016-05-17 00:00:00,-134251,Com
2016-05-17 00:00:00,-5469,Index
2016-05-17 00:00:00,-23980,Ncom
2016-05-17 00:00:00,-7562,Nrep
2016-05-24 00:00:00,-124707,Com
2016-05-24 00:00:00,-6245,Index
2016-05-24 00:00:00,-29515,Ncom
2016-05-24 00:00:00,-7756,Nrep
2016-05-31 00:00:00,-120771,Com
2016-05-31 00:00:00,-8980,Index
2016-05-31 00:00:00,-37460,Ncom
2016-05-31 00:00:00,-8266,Nrep
2016-06-07 00:00:00,-127960,Com
2016-06-07 00:00:00,-4505,Index
2016-06-07 00:00:00,-32663,Ncom
2016-06-07 00:00:00,-9075,Nrep
2016-06-14 00:00:00,-134180,Com
2016-06-14 00:00:00,-3207,Index
2016-06-14 00:00:00,-21870,Ncom
2016-06-14 00:00:00,-8942,Nrep
2016-06-21 00:00:00,-135523,Com
2016-06-21 00:00:00,-1831,Index
2016-06-21 00:00:00,-19284,Ncom
2016-06-21 00:00:00,-7832,Nrep
2016-06-28 00:00:00,-137770,Com
2016-06-28 00:00:00,-2012,Index
2016-06-28 00:00:00,-18880,Ncom
2016-06-28 00:00:00,-7435,Nrep
2016-07-05 00:00:00,-142592,Com
2016-07-05 00:00:00,-1926,Index
2016-07-05 00:00:00,-17030,Ncom
2016-07-05 00:00:00,-8342,Nrep
2016-07-12 00:00:00,-146633,Com
2016-07-12 00:00:00,-1934,Index
2016-07-12 00:00:00,-17752,Ncom
2016-07-12 00:00:00,-6856,Nrep
2016-07-19 00:00:00,-148623,Com
2016-07-19 00:00:00,-2926,Index
2016-07-19 00:00:00,-18488,Ncom
2016-07-19 00:00:00,-7460,Nrep
2016-07-26 00:00:00,-147419,Com
2016-07-26 00:00:00,-3494,Index
2016-07-26 00:00:00,-17100,Ncom
2016-07-26 00:00:00,-7033,Nrep
2016-08-02 00:00:00,-146848,Com
2016-08-02 00:00:00,-4102,Index
2016-08-02 00:00:00,-18381,Ncom
2016-08-02 00:00:00,-6967,Nrep
2016-08-09 00:00:00,-143693,Com
2016-08-09 00:00:00,-3277,Index
2016-08-09 00:00:00,-20108,Ncom
2016-08-09 00:00:00,-6808,Nrep
2016-08-16 00:00:00,-128546,Com
2016-08-16 00:00:00,-2520,Index
2016-08-16 00:00:00,-22037,Ncom
2016-08-16 00:00:00,-7268,Nrep
2016-08-23 00:00:00,-123117,Com
2016-08-23 00:00:00,-1224,Index
2016-08-23 00:00:00,-22344,Ncom
2016-08-23 00:00:00,-7009,Nrep
2016-08-30 00:00:00,-124960,Com
2016-08-30 00:00:00,-1488,Index
2016-08-30 00:00:00,-18454,Ncom
2016-08-30 00:00:00,-7055,Nrep
2016-09-06 00:00:00,-137503,Com
2016-09-06 00:00:00,-1959,Index
2016-09-06 00:00:00,-15086,Ncom
2016-09-06 00:00:00,-7258,Nrep
2016-09-13 00:00:00,-135317,Com
2016-09-13 00:00:00,-1406,Index
2016-09-13 00:00:00,-17263,Ncom
2016-09-13 00:00:00,-7424,Nrep
2016-09-20 00:00:00,-138437,Com
2016-09-20 00:00:00,-1361,Index
2016-09-20 00:00:00,-19344,Ncom
2016-09-20 00:00:00,-7555,Nrep
2016-09-27 00:00:00,-141275,Com
2016-09-27 00:00:00,-2926,Index
2016-09-27 00:00:00,-20274,Ncom
2016-09-27 00:00:00,-6682,Nrep
2016-10-04 00:00:00,-136570,Com
2016-10-04 00:00:00,-2616,Index
2016-10-04 00:00:00,-22993,Ncom
2016-10-04 00:00:00,-6844,Nrep
2016-10-11 00:00:00,-137610,Com
2016-10-11 00:00:00,-3920,Index
2016-10-11 00:00:00,-21183,Ncom
2016-10-11 00:00:00,-6598,Nrep
2016-10-18 00:00:00,-144054,Com
2016-10-18 00:00:00,-5021,Index
2016-10-18 00:00:00,-17839,Ncom
2016-10-18 00:00:00,-7270,Nrep
2016-10-25 00:00:00,-158418,Com
2016-10-25 00:00:00,-5388,Index
2016-10-25 00:00:00,-14858,Ncom
2016-10-25 00:00:00,-8214,Nrep
2016-11-01 00:00:00,-164905,Com
2016-11-01 00:00:00,-5145,Index
2016-11-01 00:00:00,-14256,Ncom
2016-11-01 00:00:00,-8206,Nrep
2016-11-08 00:00:00,-176975,Com
2016-11-08 00:00:00,-4939,Index
2016-11-08 00:00:00,-15514,Ncom
2016-11-08 00:00:00,-8376,Nrep
2016-11-15 00:00:00,-159098,Com
2016-11-15 00:00:00,-4575,Index
2016-11-15 00:00:00,-14244,Ncom
2016-11-15 00:00:00,-6771,Nrep
2016-11-22 00:00:00,-152525,Com
2016-11-22 00:00:00,-3833,Index
2016-11-22 00:00:00,-13211,Ncom
2016-11-22 00:00:00,-6394,Nrep
2016-11-29 00:00:00,-149055,Com
2016-11-29 00:00:00,-3999,Index
2016-11-29 00:00:00,-13734,Ncom
2016-11-29 00:00:00,-6345,Nrep
2016-12-06 00:00:00,-139527,Com
2016-12-06 00:00:00,-4496,Index
2016-12-06 00:00:00,-19529,Ncom
2016-12-06 00:00:00,-6597,Nrep
2016-12-13 00:00:00,-130574,Com
2016-12-13 00:00:00,-4415,Index
2016-12-13 00:00:00,-23431,Ncom
2016-12-13 00:00:00,-7116,Nrep
2016-12-20 00:00:00,-128772,Com
2016-12-20 00:00:00,-5043,Index
2016-12-20 00:00:00,-26078,Ncom
2016-12-20 00:00:00,-6976,Nrep
2016-12-27 00:00:00,-125485,Com
2016-12-27 00:00:00,-5703,Index
2016-12-27 00:00:00,-29781,Ncom
2016-12-27 00:00:00,-7475,Nrep
2017-01-03 00:00:00,-125128,Com
2017-01-03 00:00:00,-5950,Index
2017-01-03 00:00:00,-34582,Ncom
2017-01-03 00:00:00,-8017,Nrep
2017-01-10 00:00:00,-124313,Com
2017-01-10 00:00:00,-5778,Index
2017-01-10 00:00:00,-30709,Ncom
2017-01-10 00:00:00,-8036,Nrep
2017-01-17 00:00:00,-124645,Com
2017-01-17 00:00:00,-4740,Index
2017-01-17 00:00:00,-23051,Ncom
2017-01-17 00:00:00,-8222,Nrep
2017-01-24 00:00:00,-131015,Com
2017-01-24 00:00:00,-6868,Index
2017-01-24 00:00:00,-16972,Ncom
2017-01-24 00:00:00,-7453,Nrep
2017-01-31 00:00:00,-131809,Com
2017-01-31 00:00:00,-7483,Index
2017-01-31 00:00:00,-17137,Ncom
2017-01-31 00:00:00,-7278,Nrep
2017-02-07 00:00:00,-130695,Com
2017-02-07 00:00:00,-7401,Index
2017-02-07 00:00:00,-19915,Ncom
2017-02-07 00:00:00,-7840,Nrep
2017-02-14 00:00:00,-116930,Com
2017-02-14 00:00:00,-6144,Index
2017-02-14 00:00:00,-25484,Ncom
2017-02-14 00:00:00,-7846,Nrep
2017-02-21 00:00:00,-118344,Com
2017-02-21 00:00:00,-8682,Index
2017-02-21 00:00:00,-24990,Ncom
2017-02-21 00:00:00,-7723,Nrep
2017-02-28 00:00:00,-116732,Com
2017-02-28 00:00:00,-10316,Index
2017-02-28 00:00:00,-26921,Ncom
2017-02-28 00:00:00,-8396,Nrep
2017-03-07 00:00:00,-115394,Com
2017-03-07 00:00:00,-10686,Index
2017-03-07 00:00:00,-31242,Ncom
2017-03-07 00:00:00,-7788,Nrep
2017-03-14 00:00:00,-115582,Com
2017-03-14 00:00:00,-9953,Index
2017-03-14 00:00:00,-35787,Ncom
2017-03-14 00:00:00,-8193,Nrep
2017-03-21 00:00:00,-119253,Com
2017-03-21 00:00:00,-9782,Index
2017-03-21 00:00:00,-35733,Ncom
2017-03-21 00:00:00,-8305,Nrep
2017-03-28 00:00:00,-116519,Com
2017-03-28 00:00:00,-6843,Index
2017-03-28 00:00:00,-42876,Ncom
2017-03-28 00:00:00,-8699,Nrep
2017-04-04 00:00:00,-119937,Com
2017-04-04 00:00:00,-8447,Index
2017-04-04 00:00:00,-45180,Ncom
2017-04-04 00:00:00,-8299,Nrep
2017-04-11 00:00:00,-122427,Com
2017-04-11 00:00:00,-9635,Index
2017-04-11 00:00:00,-46167,Ncom
2017-04-11 00:00:00,-8204,Nrep
2017-04-18 00:00:00,-118588,Com
2017-04-18 00:00:00,-9064,Index
2017-04-18 00:00:00,-42215,Ncom
2017-04-18 00:00:00,-8465,Nrep
2017-04-25 00:00:00,-111232,Com
2017-04-25 00:00:00,-11887,Index
2017-04-25 00:00:00,-48040,Ncom
2017-04-25 00:00:00,-9396,Nrep
2017-05-02 00:00:00,-110525,Com
2017-05-02 00:00:00,-12313,Index
2017-05-02 00:00:00,-51802,Ncom
2017-05-02 00:00:00,-9718,Nrep
2017-05-09 00:00:00,-112790,Com
2017-05-09 00:00:00,-10131,Index
2017-05-09 00:00:00,-50866,Ncom
2017-05-09 00:00:00,-9497,Nrep
2017-05-16 00:00:00,-111499,Com
2017-05-16 00:00:00,-9204,Index
2017-05-16 00:00:00,-52431,Ncom
2017-05-16 00:00:00,-9690,Nrep
2017-05-23 00:00:00,-112045,Com
2017-05-23 00:00:00,-10214,Index
2017-05-23 00:00:00,-55955,Ncom
2017-05-23 00:00:00,-9502,Nrep
2017-05-30 00:00:00,-110043,Com
2017-05-30 00:00:00,-10659,Index
2017-05-30 00:00:00,-59538,Ncom
2017-05-30 00:00:00,-8961,Nrep
2017-06-06 00:00:00,-107062,Com
2017-06-06 00:00:00,-10817,Index
2017-06-06 00:00:00,-67031,Ncom
2017-06-06 00:00:00,-9416,Nrep
2017-06-13 00:00:00,-102459,Com
2017-06-13 00:00:00,-9580,Index
2017-06-13 00:00:00,-72498,Ncom
2017-06-13 00:00:00,-9337,Nrep
2017-06-20 00:00:00,-91617,Com
2017-06-20 00:00:00,-7744,Index
2017-06-20 00:00:00,-78838,Ncom
2017-06-20 00:00:00,-9514,Nrep
2017-06-27 00:00:00,-90947,Com
2017-06-27 00:00:00,-8502,Index
2017-06-27 00:00:00,-83682,Ncom
2017-06-27 00:00:00,-8632,Nrep
2017-07-03 00:00:00,-93060,Com
2017-07-03 00:00:00,-10391,Index
2017-07-03 00:00:00,-83661,Ncom
2017-07-03 00:00:00,-9155,Nrep
2017-07-11 00:00:00,-94298,Com
2017-07-11 00:00:00,-10928,Index
2017-07-11 00:00:00,-79504,Ncom
2017-07-11 00:00:00,-8474,Nrep
2017-07-18 00:00:00,-101544,Com
2017-07-18 00:00:00,-11970,Index
2017-07-18 00:00:00,-70911,Ncom
2017-07-18 00:00:00,-8309,Nrep
2017-07-25 00:00:00,-104791,Com
2017-07-25 00:00:00,-14305,Index
2017-07-25 00:00:00,-61153,Ncom
2017-07-25 00:00:00,-8246,Nrep
2017-08-01 00:00:00,-112276,Com
2017-08-01 00:00:00,-13252,Index
2017-08-01 00:00:00,-51466,Ncom
2017-08-01 00:00:00,-9479,Nrep
2017-08-08 00:00:00,-123492,Com
2017-08-08 00:00:00,-10585,Index
2017-08-08 00:00:00,-40282,Ncom
2017-08-08 00:00:00,-8800,Nrep
2017-08-15 00:00:00,-109206,Com
2017-08-15 00:00:00,-11128,Index
2017-08-15 00:00:00,-38094,Ncom
2017-08-15 00:00:00,-8393,Nrep
2017-08-22 00:00:00,-97185,Com
2017-08-22 00:00:00,-11455,Index
2017-08-22 00:00:00,-49277,Ncom
2017-08-22 00:00:00,-7887,Nrep
2017-08-29 00:00:00,-95600,Com
2017-08-29 00:00:00,-11786,Index
2017-08-29 00:00:00,-57837,Ncom
2017-08-29 00:00:00,-7858,Nrep
2017-09-05 00:00:00,-94731,Com
2017-09-05 00:00:00,-12416,Index
2017-09-05 00:00:00,-66539,Ncom
2017-09-05 00:00:00,-8770,Nrep
2017-09-12 00:00:00,-91939,Com
2017-09-12 00:00:00,-8613,Index
2017-09-12 00:00:00,-69288,Ncom
2017-09-12 00:00:00,-7713,Nrep
2017-09-19 00:00:00,-96580,Com
2017-09-19 00:00:00,-7579,Index
2017-09-19 00:00:00,-52429,Ncom
2017-09-19 00:00:00,-7880,Nrep
2017-09-26 00:00:00,-98034,Com
2017-09-26 00:00:00,-8249,Index
2017-09-26 00:00:00,-54207,Ncom
2017-09-26 00:00:00,-8069,Nrep
2017-10-03 00:00:00,-96115,Com
2017-10-03 00:00:00,-8554,Index
2017-10-03 00:00:00,-66630,Ncom
2017-10-03 00:00:00,-7943,Nrep
2017-10-10 00:00:00,-93686,Com
2017-10-10 00:00:00,-10963,Index
2017-10-10 00:00:00,-69696,Ncom
2017-10-10 00:00:00,-8189,Nrep
2017-10-17 00:00:00,-96104,Com
2017-10-17 00:00:00,-13156,Index
2017-10-17 00:00:00,-77510,Ncom
2017-10-17 00:00:00,-9286,Nrep
2017-10-24 00:00:00,-98157,Com
2017-10-24 00:00:00,-13740,Index
2017-10-24 00:00:00,-82830,Ncom
2017-10-24 00:00:00,-8924,Nrep
2017-10-31 00:00:00,-97182,Com
2017-10-31 00:00:00,-14114,Index
2017-10-31 00:00:00,-84448,Ncom
2017-10-31 00:00:00,-8308,Nrep
2017-11-07 00:00:00,-93816,Com
2017-11-07 00:00:00,-12671,Index
2017-11-07 00:00:00,-86691,Ncom
2017-11-07 00:00:00,-8877,Nrep
2017-11-14 00:00:00,-82856,Com
2017-11-14 00:00:00,-9479,Index
2017-11-14 00:00:00,-83003,Ncom
2017-11-14 00:00:00,-8496,Nrep
2017-11-21 00:00:00,-75327,Com
2017-11-21 00:00:00,-4493,Index
2017-11-21 00:00:00,-84695,Ncom
2017-11-21 00:00:00,-8206,Nrep
2017-11-28 00:00:00,-75030,Com
2017-11-28 00:00:00,-4673,Index
2017-11-28 00:00:00,-78114,Ncom
2017-11-28 00:00:00,-7876,Nrep
2017-12-05 00:00:00,-78059,Com
2017-12-05 00:00:00,-4384,Index
2017-12-05 00:00:00,-73207,Ncom
2017-12-05 00:00:00,-8484,Nrep
2017-12-12 00:00:00,-80417,Com
2017-12-12 00:00:00,-4245,Index
2017-12-12 00:00:00,-89424,Ncom
2017-12-12 00:00:00,-8154,Nrep
2017-12-19 00:00:00,-78822,Com
2017-12-19 00:00:00,-5470,Index
2017-12-19 00:00:00,-92562,Ncom
2017-12-19 00:00:00,-7846,Nrep
2017-12-26 00:00:00,-84561,Com
2017-12-26 00:00:00,-5899,Index
2017-12-26 00:00:00,-94670,Ncom
2017-12-26 00:00:00,-8361,Nrep
2018-01-02 00:00:00,-87108,Com
2018-01-02 00:00:00,-6662,Index
2018-01-02 00:00:00,-87126,Ncom
2018-01-02 00:00:00,-8613,Nrep
2018-01-09 00:00:00,-90747,Com
2018-01-09 00:00:00,-6786,Index
2018-01-09 00:00:00,-80767,Ncom
2018-01-09 00:00:00,-8972,Nrep
2018-01-16 00:00:00,-94664,Com
2018-01-16 00:00:00,-9443,Index
2018-01-16 00:00:00,-92361,Ncom
2018-01-16 00:00:00,-8881,Nrep
2018-01-23 00:00:00,-96541,Com
2018-01-23 00:00:00,-9454,Index
2018-01-23 00:00:00,-96506,Ncom
2018-01-23 00:00:00,-8668,Nrep
2018-01-30 00:00:00,-98998,Com
2018-01-30 00:00:00,-9153,Index
2018-01-30 00:00:00,-92022,Ncom
2018-01-30 00:00:00,-8726,Nrep
2018-02-06 00:00:00,-100432,Com
2018-02-06 00:00:00,-13401,Index
2018-02-06 00:00:00,-94046,Ncom
2018-02-06 00:00:00,-9069,Nrep
2018-02-13 00:00:00,-98421,Com
2018-02-13 00:00:00,-9195,Index
2018-02-13 00:00:00,-83882,Ncom
2018-02-13 00:00:00,-8599,Nrep
2018-02-20 00:00:00,-86179,Com
2018-02-20 00:00:00,-7356,Index
2018-02-20 00:00:00,-97275,Ncom
2018-02-20 00:00:00,-9669,Nrep
2018-02-27 00:00:00,-93868,Com
2018-02-27 00:00:00,-8049,Index
2018-02-27 00:00:00,-95223,Ncom
2018-02-27 00:00:00,-8630,Nrep
2018-03-06 00:00:00,-102182,Com
2018-03-06 00:00:00,-8814,Index
2018-03-06 00:00:00,-94579,Ncom
2018-03-06 00:00:00,-8556,Nrep
2018-03-13 00:00:00,-100700,Com
2018-03-13 00:00:00,-9162,Index
2018-03-13 00:00:00,-98499,Ncom
2018-03-13 00:00:00,-6619,Nrep
2018-03-20 00:00:00,-104345,Com
2018-03-20 00:00:00,-10400,Index
2018-03-20 00:00:00,-101323,Ncom
2018-03-20 00:00:00,-8591,Nrep
2018-03-27 00:00:00,-105006,Com
2018-03-27 00:00:00,-12027,Index
2018-03-27 00:00:00,-103812,Ncom
2018-03-27 00:00:00,-9091,Nrep
2018-04-03 00:00:00,-104360,Com
2018-04-03 00:00:00,-12320,Index
2018-04-03 00:00:00,-107927,Ncom
2018-04-03 00:00:00,-9673,Nrep
2018-04-10 00:00:00,-106592,Com
2018-04-10 00:00:00,-12430,Index
2018-04-10 00:00:00,-106447,Ncom
2018-04-10 00:00:00,-9341,Nrep
2018-04-17 00:00:00,-96022,Com
2018-04-17 00:00:00,-9842,Index
2018-04-17 00:00:00,-117073,Ncom
2018-04-17 00:00:00,-8632,Nrep
2018-04-24 00:00:00,-95288,Com
2018-04-24 00:00:00,-12094,Index
2018-04-24 00:00:00,-105973,Ncom
2018-04-24 00:00:00,-9014,Nrep
2018-05-01 00:00:00,-107798,Com
2018-05-01 00:00:00,-11393,Index
2018-05-01 00:00:00,-93738,Ncom
2018-05-01 00:00:00,-8983,Nrep
2018-05-08 00:00:00,-107586,Com
2018-05-08 00:00:00,-8941,Index
2018-05-08 00:00:00,-84568,Ncom
2018-05-08 00:00:00,-8765,Nrep
2018-05-15 00:00:00,-104723,Com
2018-05-15 00:00:00,-11618,Index
2018-05-15 00:00:00,-93166,Ncom
2018-05-15 00:00:00,-8873,Nrep
2018-05-22 00:00:00,-108995,Com
2018-05-22 00:00:00,-12735,Index
2018-05-22 00:00:00,-92023,Ncom
2018-05-22 00:00:00,-9138,Nrep
2018-05-29 00:00:00,-110573,Com
2018-05-29 00:00:00,-17449,Index
2018-05-29 00:00:00,-89774,Ncom
2018-05-29 00:00:00,-9203,Nrep
2018-06-05 00:00:00,-117737,Com
2018-06-05 00:00:00,-21809,Index
2018-06-05 00:00:00,-81006,Ncom
2018-06-05 00:00:00,-9885,Nrep
2018-06-12 00:00:00,-116512,Com
2018-06-12 00:00:00,-21633,Index
2018-06-12 00:00:00,-92330,Ncom
2018-06-12 00:00:00,-9038,Nrep
2018-06-19 00:00:00,-105499,Com
2018-06-19 00:00:00,-25434,Index
2018-06-19 00:00:00,-105365,Ncom
2018-06-19 00:00:00,-10594,Nrep
2018-06-26 00:00:00,-100214,Com
2018-06-26 00:00:00,-25190,Index
2018-06-26 00:00:00,-106685,Ncom
2018-06-26 00:00:00,-8014,Nrep
2018-07-03 00:00:00,-102914,Com
2018-07-03 00:00:00,-24854,Index
2018-07-03 00:00:00,-118460,Ncom
2018-07-03 00:00:00,-10469,Nrep
2018-07-10 00:00:00,-105559,Com
2018-07-10 00:00:00,-25279,Index
2018-07-10 00:00:00,-118124,Ncom
2018-07-10 00:00:00,-9086,Nrep
2018-07-17 00:00:00,-110026,Com
2018-07-17 00:00:00,-26506,Index
2018-07-17 00:00:00,-121958,Ncom
2018-07-17 00:00:00,-8745,Nrep
2018-07-24 00:00:00,-114828,Com
2018-07-24 00:00:00,-32874,Index
2018-07-24 00:00:00,-126506,Ncom
2018-07-24 00:00:00,-8823,Nrep
2018-07-31 00:00:00,-117564,Com
2018-07-31 00:00:00,-29083,Index
2018-07-31 00:00:00,-127454,Ncom
2018-07-31 00:00:00,-8307,Nrep
2018-08-07 00:00:00,-116143,Com
2018-08-07 00:00:00,-29212,Index
2018-08-07 00:00:00,-136040,Ncom
2018-08-07 00:00:00,-9452,Nrep
2018-08-14 00:00:00,-108325,Com
2018-08-14 00:00:00,-22508,Index
2018-08-14 00:00:00,-139133,Ncom
2018-08-14 00:00:00,-8713,Nrep
2018-08-21 00:00:00,-92028,Com
2018-08-21 00:00:00,-24452,Index
2018-08-21 00:00:00,-146574,Ncom
2018-08-21 00:00:00,-8430,Nrep
2018-08-28 00:00:00,-95534,Com
2018-08-28 00:00:00,-27408,Index
2018-08-28 00:00:00,-141447,Ncom
2018-08-28 00:00:00,-9064,Nrep
2018-09-04 00:00:00,-99548,Com
2018-09-04 00:00:00,-28297,Index
2018-09-04 00:00:00,-142412,Ncom
2018-09-04 00:00:00,-8693,Nrep
2018-09-11 00:00:00,-101275,Com
2018-09-11 00:00:00,-27187,Index
2018-09-11 00:00:00,-142016,Ncom
2018-09-11 00:00:00,-10923,Nrep
2018-09-18 00:00:00,-103198,Com
2018-09-18 00:00:00,-27152,Index
2018-09-18 00:00:00,-150794,Ncom
2018-09-18 00:00:00,-11140,Nrep
2018-09-25 00:00:00,-107725,Com
2018-09-25 00:00:00,-28402,Index
2018-09-25 00:00:00,-147966,Ncom
2018-09-25 00:00:00,-9486,Nrep
2018-10-02 00:00:00,-114494,Com
2018-10-02 00:00:00,-28194,Index
2018-10-02 00:00:00,-136549,Ncom
2018-10-02 00:00:00,-12340,Nrep
2018-10-09 00:00:00,-125321,Com
2018-10-09 00:00:00,-25652,Index
2018-10-09 00:00:00,-115955,Ncom
2018-10-09 00:00:00,-11052,Nrep
2018-10-16 00:00:00,-128637,Com
2018-10-16 00:00:00,-24109,Index
2018-10-16 00:00:00,-94213,Ncom
2018-10-16 00:00:00,-9781,Nrep
2018-10-23 00:00:00,-135779,Com
2018-10-23 00:00:00,-22343,Index
2018-10-23 00:00:00,-77952,Ncom
2018-10-23 00:00:00,-8272,Nrep
2018-10-30 00:00:00,-141252,Com
2018-10-30 00:00:00,-27274,Index
2018-10-30 00:00:00,-69672,Ncom
2018-10-30 00:00:00,-9412,Nrep
2018-11-06 00:00:00,-147101,Com
2018-11-06 00:00:00,-31282,Index
2018-11-06 00:00:00,-66093,Ncom
2018-11-06 00:00:00,-8758,Nrep
2018-11-13 00:00:00,-122974,Com
2018-11-13 00:00:00,-22658,Index
2018-11-13 00:00:00,-66030,Ncom
2018-11-13 00:00:00,-8699,Nrep
2018-11-20 00:00:00,-120148,Com
2018-11-20 00:00:00,-22370,Index
2018-11-20 00:00:00,-64435,Ncom
2018-11-20 00:00:00,-7768,Nrep
2018-11-27 00:00:00,-123428,Com
2018-11-27 00:00:00,-23142,Index
2018-11-27 00:00:00,-63706,Ncom
2018-11-27 00:00:00,-7464,Nrep
2018-12-04 00:00:00,-121717,Com
2018-12-04 00:00:00,-25184,Index
2018-12-04 00:00:00,-70521,Ncom
2018-12-04 00:00:00,-7088,Nrep
2018-12-11 00:00:00,-123616,Com
2018-12-11 00:00:00,-25476,Index
2018-12-11 00:00:00,-80291,Ncom
2018-12-11 00:00:00,-7330,Nrep
2018-12-18 00:00:00,-117845,Com
2018-12-18 00:00:00,-26874,Index
2018-12-18 00:00:00,-86934,Ncom
2018-12-18 00:00:00,-7091,Nrep
2018-12-24 00:00:00,-116942,Com
2018-12-24 00:00:00,-26966,Index
2018-12-24 00:00:00,-88989,Ncom
2018-12-24 00:00:00,-8457,Nrep
2018-12-31 00:00:00,-117587,Com
2018-12-31 00:00:00,-26930,Index
2018-12-31 00:00:00,-89803,Ncom
2018-12-31 00:00:00,-8149,Nrep
2019-01-08 00:00:00,-120918,Com
2019-01-08 00:00:00,-25548,Index
2019-01-08 00:00:00,-90354,Ncom
2019-01-08 00:00:00,-8990,Nrep
2019-01-15 00:00:00,-119754,Com
2019-01-15 00:00:00,-27416,Index
2019-01-15 00:00:00,-96861,Ncom
2019-01-15 00:00:00,-9612,Nrep
2019-01-22 00:00:00,-122071,Com
2019-01-22 00:00:00,-28250,Index
2019-01-22 00:00:00,-94212,Ncom
2019-01-22 00:00:00,-9839,Nrep
2019-01-29 00:00:00,-126781,Com
2019-01-29 00:00:00,-31686,Index
2019-01-29 00:00:00,-96120,Ncom
2019-01-29 00:00:00,-11048,Nrep
2019-02-05 00:00:00,-130295,Com
2019-02-05 00:00:00,-31101,Index
2019-02-05 00:00:00,-87583,Ncom
2019-02-05 00:00:00,-12075,Nrep
2019-02-12 00:00:00,-133190,Com
2019-02-12 00:00:00,-22470,Index
2019-02-12 00:00:00,-92858,Ncom
2019-02-12 00:00:00,-11272,Nrep
2019-02-19 00:00:00,-111722,Com
2019-02-19 00:00:00,-25490,Index
2019-02-19 00:00:00,-102239,Ncom
2019-02-19 00:00:00,-9267,Nrep
2019-02-26 00:00:00,-120512,Com
2019-02-26 00:00:00,-30528,Index
2019-02-26 00:00:00,-112343,Ncom
2019-02-26 00:00:00,-11425,Nrep
2019-03-05 00:00:00,-122693,Com
2019-03-05 00:00:00,-33474,Index
2019-03-05 00:00:00,-113040,Ncom
2019-03-05 00:00:00,-11316,Nrep
2019-03-12 00:00:00,-122904,Com
2019-03-12 00:00:00,-31269,Index
2019-03-12 00:00:00,-116707,Ncom
2019-03-12 00:00:00,-11097,Nrep
2019-03-19 00:00:00,-129257,Com
2019-03-19 00:00:00,-34391,Index
2019-03-19 00:00:00,-113948,Ncom
2019-03-19 00:00:00,-10727,Nrep
2019-03-26 00:00:00,-133096,Com
2019-03-26 00:00:00,-36771,Index
2019-03-26 00:00:00,-116943,Ncom
2019-03-26 00:00:00,-11903,Nrep
2019-04-02 00:00:00,-139578,Com
2019-04-02 00:00:00,-41399,Index
2019-04-02 00:00:00,-119134,Ncom
2019-04-02 00:00:00,-13369,Nrep
2019-04-09 00:00:00,-135950,Com
2019-04-09 00:00:00,-36798,Index
2019-04-09 00:00:00,-113401,Ncom
2019-04-09 00:00:00,-13248,Nrep
2019-04-16 00:00:00,-129926,Com
2019-04-16 00:00:00,-33824,Index
2019-04-16 00:00:00,-120847,Ncom
2019-04-16 00:00:00,-13828,Nrep
2019-04-23 00:00:00,-128673,Com
2019-04-23 00:00:00,-31397,Index
2019-04-23 00:00:00,-118072,Ncom
2019-04-23 00:00:00,-11973,Nrep
2019-04-30 00:00:00,-129134,Com
2019-04-30 00:00:00,-30483,Index
2019-04-30 00:00:00,-114749,Ncom
2019-04-30 00:00:00,-11688,Nrep
2019-05-07 00:00:00,-137973,Com
2019-05-07 00:00:00,-34166,Index
2019-05-07 00:00:00,-120670,Ncom
2019-05-07 00:00:00,-10874,Nrep
2019-05-14 00:00:00,-134908,Com
2019-05-14 00:00:00,-34125,Index
2019-05-14 00:00:00,-115474,Ncom
2019-05-14 00:00:00,-11891,Nrep
2019-05-21 00:00:00,-135887,Com
2019-05-21 00:00:00,-32112,Index
2019-05-21 00:00:00,-115926,Ncom
2019-05-21 00:00:00,-11242,Nrep
2019-05-28 00:00:00,-147496,Com
2019-05-28 00:00:00,-34067,Index
2019-05-28 00:00:00,-107730,Ncom
2019-05-28 00:00:00,-10076,Nrep
2019-06-04 00:00:00,-159220,Com
2019-06-04 00:00:00,-32572,Index
2019-06-04 00:00:00,-84227,Ncom
2019-06-04 00:00:00,-12827,Nrep
2019-06-11 00:00:00,-158600,Com
2019-06-11 00:00:00,-28757,Index
2019-06-11 00:00:00,-73984,Ncom
2019-06-11 00:00:00,-13045,Nrep
2019-06-18 00:00:00,-144940,Com
2019-06-18 00:00:00,-28327,Index
2019-06-18 00:00:00,-75480,Ncom
2019-06-18 00:00:00,-10532,Nrep
2019-06-25 00:00:00,-148571,Com
2019-06-25 00:00:00,-26707,Index
2019-06-25 00:00:00,-71082,Ncom
2019-06-25 00:00:00,-10391,Nrep
2019-07-02 00:00:00,-158670,Com
2019-07-02 00:00:00,-23503,Index
2019-07-02 00:00:00,-56727,Ncom
2019-07-02 00:00:00,-11877,Nrep
2019-07-09 00:00:00,-160573,Com
2019-07-09 00:00:00,-24021,Index
2019-07-09 00:00:00,-51113,Ncom
2019-07-09 00:00:00,-11676,Nrep
2019-07-16 00:00:00,-156770,Com
2019-07-16 00:00:00,-24106,Index
2019-07-16 00:00:00,-53245,Ncom
2019-07-16 00:00:00,-10875,Nrep
2019-07-23 00:00:00,-155945,Com
2019-07-23 00:00:00,-26448,Index
2019-07-23 00:00:00,-55893,Ncom
2019-07-23 00:00:00,-10901,Nrep
2019-07-30 00:00:00,-149599,Com
2019-07-30 00:00:00,-30719,Index
2019-07-30 00:00:00,-65395,Ncom
2019-07-30 00:00:00,-12833,Nrep
2019-08-06 00:00:00,-142609,Com
2019-08-06 00:00:00,-35441,Index
2019-08-06 00:00:00,-71250,Ncom
2019-08-06 00:00:00,-12244,Nrep
2019-08-13 00:00:00,-127539,Com
2019-08-13 00:00:00,-23279,Index
2019-08-13 00:00:00,-74757,Ncom
2019-08-13 00:00:00,-12039,Nrep
2019-08-20 00:00:00,-119992,Com
2019-08-20 00:00:00,-22736,Index
2019-08-20 00:00:00,-79820,Ncom
2019-08-20 00:00:00,-12946,Nrep
2019-08-27 00:00:00,-116190,Com
2019-08-27 00:00:00,-24788,Index
2019-08-27 00:00:00,-79229,Ncom
2019-08-27 00:00:00,-11415,Nrep
2019-09-03 00:00:00,-117533,Com
2019-09-03 00:00:00,-26390,Index
2019-09-03 00:00:00,-84366,Ncom
2019-09-03 00:00:00,-10022,Nrep
2019-09-10 00:00:00,-117465,Com
2019-09-10 00:00:00,-26074,Index
2019-09-10 00:00:00,-83883,Ncom
2019-09-10 00:00:00,-9779,Nrep
2019-09-17 00:00:00,-127466,Com
2019-09-17 00:00:00,-22219,Index
2019-09-17 00:00:00,-72490,Ncom
2019-09-17 00:00:00,-10934,Nrep
2019-09-24 00:00:00,-128750,Com
2019-09-24 00:00:00,-21935,Index
2019-09-24 00:00:00,-74065,Ncom
2019-09-24 00:00:00,-11920,Nrep
2019-10-01 00:00:00,-129254,Com
2019-10-01 00:00:00,-21531,Index
2019-10-01 00:00:00,-71921,Ncom
2019-10-01 00:00:00,-11966,Nrep
2019-10-08 00:00:00,-129201,Com
2019-10-08 00:00:00,-27491,Index
2019-10-08 00:00:00,-74122,Ncom
2019-10-08 00:00:00,-14360,Nrep
2019-10-15 00:00:00,-135938,Com
2019-10-15 00:00:00,-31187,Index
2019-10-15 00:00:00,-86177,Ncom
2019-10-15 00:00:00,-16358,Nrep
2019-10-22 00:00:00,-143342,Com
2019-10-22 00:00:00,-31573,Index
2019-10-22 00:00:00,-86412,Ncom
2019-10-22 00:00:00,-12982,Nrep
2019-10-29 00:00:00,-145108,Com
2019-10-29 00:00:00,-31457,Index
2019-10-29 00:00:00,-82362,Ncom
2019-10-29 00:00:00,-16404,Nrep
2019-11-05 00:00:00,-162855,Com
2019-11-05 00:00:00,-27975,Index
2019-11-05 00:00:00,-71224,Ncom
2019-11-05 00:00:00,-15575,Nrep
2019-11-12 00:00:00,-168945,Com
2019-11-12 00:00:00,-21863,Index
2019-11-12 00:00:00,-49049,Ncom
2019-11-12 00:00:00,-16921,Nrep
2019-11-19 00:00:00,-152114,Com
2019-11-19 00:00:00,-17572,Index
2019-11-19 00:00:00,-48561,Ncom
2019-11-19 00:00:00,-14560,Nrep
2019-11-26 00:00:00,-168615,Com
2019-11-26 00:00:00,-18487,Index
2019-11-26 00:00:00,-35817,Ncom
2019-11-26 00:00:00,-8413,Nrep
2019-12-03 00:00:00,-184354,Com
2019-12-03 00:00:00,-15914,Index
2019-12-03 00:00:00,-34124,Ncom
2019-12-03 00:00:00,-9925,Nrep
2019-12-10 00:00:00,-197673,Com
2019-12-10 00:00:00,-15096,Index
2019-12-10 00:00:00,-25439,Ncom
2019-12-10 00:00:00,-10216,Nrep
2019-12-17 00:00:00,-198235,Com
2019-12-17 00:00:00,-13683,Index
2019-12-17 00:00:00,-21018,Ncom
2019-12-17 00:00:00,-9076,Nrep
2019-12-24 00:00:00,-201084,Com
2019-12-24 00:00:00,-12836,Index
2019-12-24 00:00:00,-19791,Ncom
2019-12-24 00:00:00,-8857,Nrep
2019-12-31 00:00:00,-203083,Com
2019-12-31 00:00:00,-12776,Index
2019-12-31 00:00:00,-19632,Ncom
2019-12-31 00:00:00,-8617,Nrep
2020-01-07 00:00:00,-201466,Com
2020-01-07 00:00:00,-13345,Index
2020-01-07 00:00:00,-19676,Ncom
2020-01-07 00:00:00,-8885,Nrep
2020-01-14 00:00:00,-198165,Com
2020-01-14 00:00:00,-19623,Index
2020-01-14 00:00:00,-20909,Ncom
2020-01-14 00:00:00,-7458,Nrep
2020-01-21 00:00:00,-193611,Com
2020-01-21 00:00:00,-21916,Index
2020-01-21 00:00:00,-21068,Ncom
2020-01-21 00:00:00,-7300,Nrep
2020-01-28 00:00:00,-195824,Com
2020-01-28 00:00:00,-23214,Index
2020-01-28 00:00:00,-26685,Ncom
2020-01-28 00:00:00,-6738,Nrep
2020-02-04 00:00:00,-195508,Com
2020-02-04 00:00:00,-31965,Index
2020-02-04 00:00:00,-34306,Ncom
2020-02-04 00:00:00,-8867,Nrep
2020-02-11 00:00:00,-190928,Com
2020-02-11 00:00:00,-31914,Index
2020-02-11 00:00:00,-46025,Ncom
2020-02-11 00:00:00,-7763,Nrep
2020-02-18 00:00:00,-176360,Com
2020-02-18 00:00:00,-27710,Index
2020-02-18 00:00:00,-46991,Ncom
2020-02-18 00:00:00,-6229,Nrep
2020-02-25 00:00:00,-171969,Com
2020-02-25 00:00:00,-26950,Index
2020-02-25 00:00:00,-44939,Ncom
2020-02-25 00:00:00,-6865,Nrep
2020-03-03 00:00:00,-184028,Com
2020-03-03 00:00:00,-22244,Index
2020-03-03 00:00:00,-33640,Ncom
2020-03-03 00:00:00,-8784,Nrep
2020-03-10 00:00:00,-183351,Com
2020-03-10 00:00:00,-19544,Index
2020-03-10 00:00:00,-26855,Ncom
2020-03-10 00:00:00,-8103,Nrep
2020-03-17 00:00:00,-177116,Com
2020-03-17 00:00:00,-19371,Index
2020-03-17 00:00:00,-24401,Ncom
2020-03-17 00:00:00,-7871,Nrep
2020-03-24 00:00:00,-187720,Com
2020-03-24 00:00:00,-17000,Index
2020-03-24 00:00:00,-18527,Ncom
2020-03-24 00:00:00,-6446,Nrep
2020-03-31 00:00:00,-189551,Com
2020-03-31 00:00:00,-15401,Index
2020-03-31 00:00:00,-12321,Ncom
2020-03-31 00:00:00,-7043,Nrep
2020-04-07 00:00:00,-191662,Com
2020-04-07 00:00:00,-15337,Index
2020-04-07 00:00:00,-11068,Ncom
2020-04-07 00:00:00,-7087,Nrep
2020-04-14 00:00:00,-179589,Com
2020-04-14 00:00:00,-14458,Index
2020-04-14 00:00:00,-10404,Ncom
2020-04-14 00:00:00,-7753,Nrep
2020-04-21 00:00:00,-170208,Com
2020-04-21 00:00:00,-14727,Index
2020-04-21 00:00:00,-12064,Ncom
2020-04-21 00:00:00,-7026,Nrep
2020-04-28 00:00:00,-168254,Com
2020-04-28 00:00:00,-18466,Index
2020-04-28 00:00:00,-15896,Ncom
2020-04-28 00:00:00,-7225,Nrep
2020-05-05 00:00:00,-172050,Com
2020-05-05 00:00:00,-18217,Index
2020-05-05 00:00:00,-21195,Ncom
2020-05-05 00:00:00,-7382,Nrep
2020-05-12 00:00:00,-170959,Com
2020-05-12 00:00:00,-18534,Index
2020-05-12 00:00:00,-21803,Ncom
2020-05-12 00:00:00,-7521,Nrep
2020-05-19 00:00:00,-171312,Com
2020-05-19 00:00:00,-19106,Index
2020-05-19 00:00:00,-22695,Ncom
2020-05-19 00:00:00,-7309,Nrep
2020-05-26 00:00:00,-172826,Com
2020-05-26 00:00:00,-19875,Index
2020-05-26 00:00:00,-26277,Ncom
2020-05-26 00:00:00,-8038,Nrep
2020-06-02 00:00:00,-173734,Com
2020-06-02 00:00:00,-22304,Index
2020-06-02 00:00:00,-39831,Ncom
2020-06-02 00:00:00,-8974,Nrep
2020-06-09 00:00:00,-173816,Com
2020-06-09 00:00:00,-21088,Index
2020-06-09 00:00:00,-46492,Ncom
2020-06-09 00:00:00,-8848,Nrep
2020-06-16 00:00:00,-158232,Com
2020-06-16 00:00:00,-19288,Index
2020-06-16 00:00:00,-54785,Ncom
2020-06-16 00:00:00,-9931,Nrep
2020-06-23 00:00:00,-152884,Com
2020-06-23 00:00:00,-19167,Index
2020-06-23 00:00:00,-59371,Ncom
2020-06-23 00:00:00,-8430,Nrep
2020-06-30 00:00:00,-156267,Com
2020-06-30 00:00:00,-17417,Index
2020-06-30 00:00:00,-57096,Ncom
2020-06-30 00:00:00,-8347,Nrep
2020-07-07 00:00:00,-157951,Com
2020-07-07 00:00:00,-17393,Index
2020-07-07 00:00:00,-55485,Ncom
2020-07-07 00:00:00,-8538,Nrep
2020-07-14 00:00:00,-157250,Com
2020-07-14 00:00:00,-17610,Index
2020-07-14 00:00:00,-55577,Ncom
2020-07-14 00:00:00,-9069,Nrep
2020-07-21 00:00:00,-162094,Com
2020-07-21 00:00:00,-18965,Index
2020-07-21 00:00:00,-53116,Ncom
2020-07-21 00:00:00,-9119,Nrep
2020-07-28 00:00:00,-169187,Com
2020-07-28 00:00:00,-15142,Index
2020-07-28 00:00:00,-39386,Ncom
2020-07-28 00:00:00,-9529,Nrep
2020-08-04 00:00:00,-186148,Com
2020-08-04 00:00:00,-18627,Index
2020-08-04 00:00:00,-22628,Ncom
2020-08-04 00:00:00,-11027,Nrep
2020-08-11 00:00:00,-189057,Com
2020-08-11 00:00:00,-12395,Index
2020-08-11 00:00:00,-21293,Ncom
2020-08-11 00:00:00,-11456,Nrep
2020-08-18 00:00:00,-187293,Com
2020-08-18 00:00:00,-11692,Index
2020-08-18 00:00:00,-19258,Ncom
2020-08-18 00:00:00,-10012,Nrep
2020-08-25 00:00:00,-189740,Com
2020-08-25 00:00:00,-12223,Index
2020-08-25 00:00:00,-17221,Ncom
2020-08-25 00:00:00,-9625,Nrep
2020-09-01 00:00:00,-201005,Com
2020-09-01 00:00:00,-12700,Index
2020-09-01 00:00:00,-15166,Ncom
2020-09-01 00:00:00,-8930,Nrep
2020-09-08 00:00:00,-202516,Com
2020-09-08 00:00:00,-12539,Index
2020-09-08 00:00:00,-12646,Ncom
2020-09-08 00:00:00,-10002,Nrep
2020-09-15 00:00:00,-197001,Com
2020-09-15 00:00:00,-13669,Index
2020-09-15 00:00:00,-12892,Ncom
2020-09-15 00:00:00,-9042,Nrep
2020-09-22 00:00:00,-199401,Com
2020-09-22 00:00:00,-12624,Index
2020-09-22 00:00:00,-12661,Ncom
2020-09-22 00:00:00,-10401,Nrep
2020-09-29 00:00:00,-195875,Com
2020-09-29 00:00:00,-15462,Index
2020-09-29 00:00:00,-15822,Ncom
2020-09-29 00:00:00,-10162,Nrep
2020-10-06 00:00:00,-194505,Com
2020-10-06 00:00:00,-17284,Index
2020-10-06 00:00:00,-19741,Ncom
2020-10-06 00:00:00,-10325,Nrep
2020-10-13 00:00:00,-194141,Com
2020-10-13 00:00:00,-17010,Index
2020-10-13 00:00:00,-20083,Ncom
2020-10-13 00:00:00,-9465,Nrep
2020-10-20 00:00:00,-192994,Com
2020-10-20 00:00:00,-17147,Index
2020-10-20 00:00:00,-24736,Ncom
2020-10-20 00:00:00,-10623,Nrep
2020-10-27 00:00:00,-190830,Com
2020-10-27 00:00:00,-17970,Index
2020-10-27 00:00:00,-27994,Ncom
2020-10-27 00:00:00,-10646,Nrep
2020-11-03 00:00:00,-191482,Com
2020-11-03 00:00:00,-20697,Index
2020-11-03 00:00:00,-31606,Ncom
2020-11-03 00:00:00,-10861,Nrep
2020-11-10 00:00:00,-194109,Com
2020-11-10 00:00:00,-18111,Index
2020-11-10 00:00:00,-34386,Ncom
2020-11-10 00:00:00,-10176,Nrep
2020-11-17 00:00:00,-190098,Com
2020-11-17 00:00:00,-14955,Index
2020-11-17 00:00:00,-26600,Ncom
2020-11-17 00:00:00,-7121,Nrep
2020-11-24 00:00:00,-192064,Com
2020-11-24 00:00:00,-13632,Index
2020-11-24 00:00:00,-20958,Ncom
2020-11-24 00:00:00,-6892,Nrep
2020-12-01 00:00:00,-196435,Com
2020-12-01 00:00:00,-14801,Index
2020-12-01 00:00:00,-21654,Ncom
2020-12-01 00:00:00,-6983,Nrep
2020-12-08 00:00:00,-193248,Com
2020-12-08 00:00:00,-13621,Index
2020-12-08 00:00:00,-20625,Ncom
2020-12-08 00:00:00,-7050,Nrep
