date_actual,CIT_Long,player
2012-01-03 00:00:00,42394,Com
2012-01-03 00:00:00,39581,Index
2012-01-03 00:00:00,14096,Ncom
2012-01-03 00:00:00,6450,Nrep
2012-01-10 00:00:00,45869,Com
2012-01-10 00:00:00,41106,Index
2012-01-10 00:00:00,16805,Ncom
2012-01-10 00:00:00,6154,Nrep
2012-01-17 00:00:00,43842,Com
2012-01-17 00:00:00,41869,Index
2012-01-17 00:00:00,18029,Ncom
2012-01-17 00:00:00,7252,Nrep
2012-01-24 00:00:00,49583,Com
2012-01-24 00:00:00,40739,Index
2012-01-24 00:00:00,17878,Ncom
2012-01-24 00:00:00,7199,Nrep
2012-01-31 00:00:00,52337,Com
2012-01-31 00:00:00,41422,Index
2012-01-31 00:00:00,18617,Ncom
2012-01-31 00:00:00,8182,Nrep
2012-02-07 00:00:00,55843,Com
2012-02-07 00:00:00,42544,Index
2012-02-07 00:00:00,22957,Ncom
2012-02-07 00:00:00,8322,Nrep
2012-02-14 00:00:00,53765,Com
2012-02-14 00:00:00,43092,Index
2012-02-14 00:00:00,19016,Ncom
2012-02-14 00:00:00,7248,Nrep
2012-02-21 00:00:00,53198,Com
2012-02-21 00:00:00,43381,Index
2012-02-21 00:00:00,19407,Ncom
2012-02-21 00:00:00,7591,Nrep
2012-02-28 00:00:00,54418,Com
2012-02-28 00:00:00,43889,Index
2012-02-28 00:00:00,21640,Ncom
2012-02-28 00:00:00,8780,Nrep
2012-03-06 00:00:00,58327,Com
2012-03-06 00:00:00,44617,Index
2012-03-06 00:00:00,21022,Ncom
2012-03-06 00:00:00,8887,Nrep
2012-03-13 00:00:00,63920,Com
2012-03-13 00:00:00,44968,Index
2012-03-13 00:00:00,19705,Ncom
2012-03-13 00:00:00,9191,Nrep
2012-03-20 00:00:00,69483,Com
2012-03-20 00:00:00,45856,Index
2012-03-20 00:00:00,20680,Ncom
2012-03-20 00:00:00,9099,Nrep
2012-03-27 00:00:00,71640,Com
2012-03-27 00:00:00,46089,Index
2012-03-27 00:00:00,21159,Ncom
2012-03-27 00:00:00,8510,Nrep
2012-04-03 00:00:00,72134,Com
2012-04-03 00:00:00,47475,Index
2012-04-03 00:00:00,20979,Ncom
2012-04-03 00:00:00,8435,Nrep
2012-04-10 00:00:00,74795,Com
2012-04-10 00:00:00,47599,Index
2012-04-10 00:00:00,21972,Ncom
2012-04-10 00:00:00,7764,Nrep
2012-04-17 00:00:00,67739,Com
2012-04-17 00:00:00,45885,Index
2012-04-17 00:00:00,18566,Ncom
2012-04-17 00:00:00,7148,Nrep
2012-04-24 00:00:00,65884,Com
2012-04-24 00:00:00,47308,Index
2012-04-24 00:00:00,21263,Ncom
2012-04-24 00:00:00,7269,Nrep
2012-05-01 00:00:00,65476,Com
2012-05-01 00:00:00,46603,Index
2012-05-01 00:00:00,21118,Ncom
2012-05-01 00:00:00,7624,Nrep
2012-05-08 00:00:00,67338,Com
2012-05-08 00:00:00,47904,Index
2012-05-08 00:00:00,20269,Ncom
2012-05-08 00:00:00,6424,Nrep
2012-05-15 00:00:00,65646,Com
2012-05-15 00:00:00,47957,Index
2012-05-15 00:00:00,20142,Ncom
2012-05-15 00:00:00,6653,Nrep
2012-05-22 00:00:00,67239,Com
2012-05-22 00:00:00,47587,Index
2012-05-22 00:00:00,20833,Ncom
2012-05-22 00:00:00,7033,Nrep
2012-05-29 00:00:00,70828,Com
2012-05-29 00:00:00,46443,Index
2012-05-29 00:00:00,18604,Ncom
2012-05-29 00:00:00,7789,Nrep
2012-06-05 00:00:00,73648,Com
2012-06-05 00:00:00,48770,Index
2012-06-05 00:00:00,17761,Ncom
2012-06-05 00:00:00,7850,Nrep
2012-06-12 00:00:00,71797,Com
2012-06-12 00:00:00,45773,Index
2012-06-12 00:00:00,17860,Ncom
2012-06-12 00:00:00,7805,Nrep
2012-06-19 00:00:00,66976,Com
2012-06-19 00:00:00,45393,Index
2012-06-19 00:00:00,18451,Ncom
2012-06-19 00:00:00,8078,Nrep
2012-06-26 00:00:00,66742,Com
2012-06-26 00:00:00,46095,Index
2012-06-26 00:00:00,18145,Ncom
2012-06-26 00:00:00,8047,Nrep
2012-07-03 00:00:00,68741,Com
2012-07-03 00:00:00,46970,Index
2012-07-03 00:00:00,17136,Ncom
2012-07-03 00:00:00,5914,Nrep
2012-07-10 00:00:00,70213,Com
2012-07-10 00:00:00,47400,Index
2012-07-10 00:00:00,16741,Ncom
2012-07-10 00:00:00,3803,Nrep
2012-07-17 00:00:00,67726,Com
2012-07-17 00:00:00,45900,Index
2012-07-17 00:00:00,17528,Ncom
2012-07-17 00:00:00,7776,Nrep
2012-07-24 00:00:00,67334,Com
2012-07-24 00:00:00,43934,Index
2012-07-24 00:00:00,16261,Ncom
2012-07-24 00:00:00,8188,Nrep
2012-07-31 00:00:00,68406,Com
2012-07-31 00:00:00,43716,Index
2012-07-31 00:00:00,16278,Ncom
2012-07-31 00:00:00,7725,Nrep
2012-08-07 00:00:00,67399,Com
2012-08-07 00:00:00,42961,Index
2012-08-07 00:00:00,17625,Ncom
2012-08-07 00:00:00,7418,Nrep
2012-08-14 00:00:00,62448,Com
2012-08-14 00:00:00,43905,Index
2012-08-14 00:00:00,17712,Ncom
2012-08-14 00:00:00,7229,Nrep
2012-08-21 00:00:00,62632,Com
2012-08-21 00:00:00,44210,Index
2012-08-21 00:00:00,18359,Ncom
2012-08-21 00:00:00,8075,Nrep
2012-08-28 00:00:00,62895,Com
2012-08-28 00:00:00,44861,Index
2012-08-28 00:00:00,19050,Ncom
2012-08-28 00:00:00,7966,Nrep
2012-09-04 00:00:00,63491,Com
2012-09-04 00:00:00,45006,Index
2012-09-04 00:00:00,19030,Ncom
2012-09-04 00:00:00,8836,Nrep
2012-09-11 00:00:00,65244,Com
2012-09-11 00:00:00,46492,Index
2012-09-11 00:00:00,19773,Ncom
2012-09-11 00:00:00,8834,Nrep
2012-09-18 00:00:00,59533,Com
2012-09-18 00:00:00,47259,Index
2012-09-18 00:00:00,19015,Ncom
2012-09-18 00:00:00,8450,Nrep
2012-09-25 00:00:00,60997,Com
2012-09-25 00:00:00,45452,Index
2012-09-25 00:00:00,17051,Ncom
2012-09-25 00:00:00,9151,Nrep
2012-10-02 00:00:00,63670,Com
2012-10-02 00:00:00,46093,Index
2012-10-02 00:00:00,18752,Ncom
2012-10-02 00:00:00,6599,Nrep
2012-10-09 00:00:00,61057,Com
2012-10-09 00:00:00,45466,Index
2012-10-09 00:00:00,16266,Ncom
2012-10-09 00:00:00,9234,Nrep
2012-10-16 00:00:00,60311,Com
2012-10-16 00:00:00,45778,Index
2012-10-16 00:00:00,18049,Ncom
2012-10-16 00:00:00,10846,Nrep
2012-10-23 00:00:00,59877,Com
2012-10-23 00:00:00,45692,Index
2012-10-23 00:00:00,17906,Ncom
2012-10-23 00:00:00,11111,Nrep
2012-10-30 00:00:00,58903,Com
2012-10-30 00:00:00,46634,Index
2012-10-30 00:00:00,16824,Ncom
2012-10-30 00:00:00,11687,Nrep
2012-11-06 00:00:00,63750,Com
2012-11-06 00:00:00,47112,Index
2012-11-06 00:00:00,16633,Ncom
2012-11-06 00:00:00,12160,Nrep
2012-11-13 00:00:00,54098,Com
2012-11-13 00:00:00,46966,Index
2012-11-13 00:00:00,18780,Ncom
2012-11-13 00:00:00,11464,Nrep
2012-11-20 00:00:00,52994,Com
2012-11-20 00:00:00,46619,Index
2012-11-20 00:00:00,21502,Ncom
2012-11-20 00:00:00,8857,Nrep
2012-11-27 00:00:00,52636,Com
2012-11-27 00:00:00,46689,Index
2012-11-27 00:00:00,22005,Ncom
2012-11-27 00:00:00,9528,Nrep
2012-12-04 00:00:00,50914,Com
2012-12-04 00:00:00,46977,Index
2012-12-04 00:00:00,23511,Ncom
2012-12-04 00:00:00,11247,Nrep
2012-12-11 00:00:00,49669,Com
2012-12-11 00:00:00,49537,Index
2012-12-11 00:00:00,24428,Ncom
2012-12-11 00:00:00,9639,Nrep
2012-12-18 00:00:00,51928,Com
2012-12-18 00:00:00,48088,Index
2012-12-18 00:00:00,24026,Ncom
2012-12-18 00:00:00,12509,Nrep
2012-12-24 00:00:00,51702,Com
2012-12-24 00:00:00,48512,Index
2012-12-24 00:00:00,23479,Ncom
2012-12-24 00:00:00,9922,Nrep
2012-12-31 00:00:00,53040,Com
2012-12-31 00:00:00,48754,Index
2012-12-31 00:00:00,23974,Ncom
2012-12-31 00:00:00,10879,Nrep
2013-01-08 00:00:00,53597,Com
2013-01-08 00:00:00,52101,Index
2013-01-08 00:00:00,25494,Ncom
2013-01-08 00:00:00,10790,Nrep
2013-01-15 00:00:00,45785,Com
2013-01-15 00:00:00,60909,Index
2013-01-15 00:00:00,25486,Ncom
2013-01-15 00:00:00,10796,Nrep
2013-01-22 00:00:00,47047,Com
2013-01-22 00:00:00,62690,Index
2013-01-22 00:00:00,24738,Ncom
2013-01-22 00:00:00,11377,Nrep
2013-01-29 00:00:00,48543,Com
2013-01-29 00:00:00,62869,Index
2013-01-29 00:00:00,22866,Ncom
2013-01-29 00:00:00,10853,Nrep
2013-02-05 00:00:00,53852,Com
2013-02-05 00:00:00,63409,Index
2013-02-05 00:00:00,22315,Ncom
2013-02-05 00:00:00,11166,Nrep
2013-02-12 00:00:00,51837,Com
2013-02-12 00:00:00,63745,Index
2013-02-12 00:00:00,22953,Ncom
2013-02-12 00:00:00,11355,Nrep
2013-02-19 00:00:00,52621,Com
2013-02-19 00:00:00,59744,Index
2013-02-19 00:00:00,27161,Ncom
2013-02-19 00:00:00,11234,Nrep
2013-02-26 00:00:00,52683,Com
2013-02-26 00:00:00,58691,Index
2013-02-26 00:00:00,31264,Ncom
2013-02-26 00:00:00,10620,Nrep
2013-03-05 00:00:00,54925,Com
2013-03-05 00:00:00,57642,Index
2013-03-05 00:00:00,32520,Ncom
2013-03-05 00:00:00,11491,Nrep
2013-03-12 00:00:00,55446,Com
2013-03-12 00:00:00,58020,Index
2013-03-12 00:00:00,30445,Ncom
2013-03-12 00:00:00,10849,Nrep
2013-03-19 00:00:00,61530,Com
2013-03-19 00:00:00,57595,Index
2013-03-19 00:00:00,32737,Ncom
2013-03-19 00:00:00,11988,Nrep
2013-03-26 00:00:00,61992,Com
2013-03-26 00:00:00,58032,Index
2013-03-26 00:00:00,32173,Ncom
2013-03-26 00:00:00,10199,Nrep
2013-04-02 00:00:00,62934,Com
2013-04-02 00:00:00,58396,Index
2013-04-02 00:00:00,31934,Ncom
2013-04-02 00:00:00,8704,Nrep
2013-04-09 00:00:00,61009,Com
2013-04-09 00:00:00,59587,Index
2013-04-09 00:00:00,30382,Ncom
2013-04-09 00:00:00,8896,Nrep
2013-04-16 00:00:00,58376,Com
2013-04-16 00:00:00,59704,Index
2013-04-16 00:00:00,29875,Ncom
2013-04-16 00:00:00,8623,Nrep
2013-04-23 00:00:00,53916,Com
2013-04-23 00:00:00,59752,Index
2013-04-23 00:00:00,28718,Ncom
2013-04-23 00:00:00,8437,Nrep
2013-04-30 00:00:00,55940,Com
2013-04-30 00:00:00,60563,Index
2013-04-30 00:00:00,30293,Ncom
2013-04-30 00:00:00,9143,Nrep
2013-05-07 00:00:00,52613,Com
2013-05-07 00:00:00,60114,Index
2013-05-07 00:00:00,28542,Ncom
2013-05-07 00:00:00,9284,Nrep
2013-05-14 00:00:00,52216,Com
2013-05-14 00:00:00,59662,Index
2013-05-14 00:00:00,28751,Ncom
2013-05-14 00:00:00,9279,Nrep
2013-05-21 00:00:00,56744,Com
2013-05-21 00:00:00,59737,Index
2013-05-21 00:00:00,27241,Ncom
2013-05-21 00:00:00,9054,Nrep
2013-05-28 00:00:00,65799,Com
2013-05-28 00:00:00,59449,Index
2013-05-28 00:00:00,29516,Ncom
2013-05-28 00:00:00,11686,Nrep
2013-06-04 00:00:00,68554,Com
2013-06-04 00:00:00,59346,Index
2013-06-04 00:00:00,32757,Ncom
2013-06-04 00:00:00,12052,Nrep
2013-06-11 00:00:00,67893,Com
2013-06-11 00:00:00,60173,Index
2013-06-11 00:00:00,33312,Ncom
2013-06-11 00:00:00,12913,Nrep
2013-06-18 00:00:00,57802,Com
2013-06-18 00:00:00,58759,Index
2013-06-18 00:00:00,28592,Ncom
2013-06-18 00:00:00,10928,Nrep
2013-06-25 00:00:00,50570,Com
2013-06-25 00:00:00,58137,Index
2013-06-25 00:00:00,29430,Ncom
2013-06-25 00:00:00,9274,Nrep
2013-07-02 00:00:00,50182,Com
2013-07-02 00:00:00,58066,Index
2013-07-02 00:00:00,28156,Ncom
2013-07-02 00:00:00,9393,Nrep
2013-07-09 00:00:00,50816,Com
2013-07-09 00:00:00,58278,Index
2013-07-09 00:00:00,27544,Ncom
2013-07-09 00:00:00,9894,Nrep
2013-07-16 00:00:00,51059,Com
2013-07-16 00:00:00,58257,Index
2013-07-16 00:00:00,27362,Ncom
2013-07-16 00:00:00,9848,Nrep
2013-07-23 00:00:00,50756,Com
2013-07-23 00:00:00,58542,Index
2013-07-23 00:00:00,25528,Ncom
2013-07-23 00:00:00,9934,Nrep
2013-07-30 00:00:00,51740,Com
2013-07-30 00:00:00,56989,Index
2013-07-30 00:00:00,27371,Ncom
2013-07-30 00:00:00,10087,Nrep
2013-08-06 00:00:00,56592,Com
2013-08-06 00:00:00,56889,Index
2013-08-06 00:00:00,27175,Ncom
2013-08-06 00:00:00,11202,Nrep
2013-08-13 00:00:00,47895,Com
2013-08-13 00:00:00,56998,Index
2013-08-13 00:00:00,25504,Ncom
2013-08-13 00:00:00,10972,Nrep
2013-08-20 00:00:00,40028,Com
2013-08-20 00:00:00,56650,Index
2013-08-20 00:00:00,25788,Ncom
2013-08-20 00:00:00,11213,Nrep
2013-08-27 00:00:00,41817,Com
2013-08-27 00:00:00,57039,Index
2013-08-27 00:00:00,26589,Ncom
2013-08-27 00:00:00,11567,Nrep
2013-09-03 00:00:00,43402,Com
2013-09-03 00:00:00,56749,Index
2013-09-03 00:00:00,26592,Ncom
2013-09-03 00:00:00,12341,Nrep
2013-09-10 00:00:00,44594,Com
2013-09-10 00:00:00,57076,Index
2013-09-10 00:00:00,28524,Ncom
2013-09-10 00:00:00,12981,Nrep
2013-09-17 00:00:00,44120,Com
2013-09-17 00:00:00,58236,Index
2013-09-17 00:00:00,28414,Ncom
2013-09-17 00:00:00,13134,Nrep
2013-09-24 00:00:00,43215,Com
2013-09-24 00:00:00,58683,Index
2013-09-24 00:00:00,27396,Ncom
2013-09-24 00:00:00,12272,Nrep
2013-10-01 00:00:00,44260,Com
2013-10-01 00:00:00,58572,Index
2013-10-01 00:00:00,27609,Ncom
2013-10-01 00:00:00,13115,Nrep
2013-10-08 00:00:00,44323,Com
2013-10-08 00:00:00,58859,Index
2013-10-08 00:00:00,28019,Ncom
2013-10-08 00:00:00,12680,Nrep
2013-10-15 00:00:00,43741,Com
2013-10-15 00:00:00,58469,Index
2013-10-15 00:00:00,27203,Ncom
2013-10-15 00:00:00,12827,Nrep
2013-10-22 00:00:00,47708,Com
2013-10-22 00:00:00,58615,Index
2013-10-22 00:00:00,28111,Ncom
2013-10-22 00:00:00,12797,Nrep
2013-10-29 00:00:00,55384,Com
2013-10-29 00:00:00,58250,Index
2013-10-29 00:00:00,29124,Ncom
2013-10-29 00:00:00,13435,Nrep
2013-11-05 00:00:00,57724,Com
2013-11-05 00:00:00,57982,Index
2013-11-05 00:00:00,30838,Ncom
2013-11-05 00:00:00,14972,Nrep
2013-11-12 00:00:00,50306,Com
2013-11-12 00:00:00,58815,Index
2013-11-12 00:00:00,30442,Ncom
2013-11-12 00:00:00,11713,Nrep
2013-11-19 00:00:00,45629,Com
2013-11-19 00:00:00,58045,Index
2013-11-19 00:00:00,31491,Ncom
2013-11-19 00:00:00,9517,Nrep
2013-11-26 00:00:00,45550,Com
2013-11-26 00:00:00,57992,Index
2013-11-26 00:00:00,29942,Ncom
2013-11-26 00:00:00,8325,Nrep
2013-12-03 00:00:00,43212,Com
2013-12-03 00:00:00,57444,Index
2013-12-03 00:00:00,30449,Ncom
2013-12-03 00:00:00,8029,Nrep
2013-12-10 00:00:00,46392,Com
2013-12-10 00:00:00,56937,Index
2013-12-10 00:00:00,31250,Ncom
2013-12-10 00:00:00,8212,Nrep
2013-12-17 00:00:00,44424,Com
2013-12-17 00:00:00,56391,Index
2013-12-17 00:00:00,29254,Ncom
2013-12-17 00:00:00,8606,Nrep
2013-12-24 00:00:00,43343,Com
2013-12-24 00:00:00,55584,Index
2013-12-24 00:00:00,29206,Ncom
2013-12-24 00:00:00,8827,Nrep
2013-12-31 00:00:00,43267,Com
2013-12-31 00:00:00,55209,Index
2013-12-31 00:00:00,28042,Ncom
2013-12-31 00:00:00,9021,Nrep
2014-01-07 00:00:00,44046,Com
2014-01-07 00:00:00,55476,Index
2014-01-07 00:00:00,29406,Ncom
2014-01-07 00:00:00,9782,Nrep
2014-01-14 00:00:00,40681,Com
2014-01-14 00:00:00,59805,Index
2014-01-14 00:00:00,30632,Ncom
2014-01-14 00:00:00,11175,Nrep
2014-01-21 00:00:00,41039,Com
2014-01-21 00:00:00,59824,Index
2014-01-21 00:00:00,29745,Ncom
2014-01-21 00:00:00,12089,Nrep
2014-01-28 00:00:00,43954,Com
2014-01-28 00:00:00,60514,Index
2014-01-28 00:00:00,30743,Ncom
2014-01-28 00:00:00,12366,Nrep
2014-02-04 00:00:00,49924,Com
2014-02-04 00:00:00,60630,Index
2014-02-04 00:00:00,34028,Ncom
2014-02-04 00:00:00,11383,Nrep
2014-02-11 00:00:00,56903,Com
2014-02-11 00:00:00,59533,Index
2014-02-11 00:00:00,33144,Ncom
2014-02-11 00:00:00,11798,Nrep
2014-02-18 00:00:00,55959,Com
2014-02-18 00:00:00,59507,Index
2014-02-18 00:00:00,37714,Ncom
2014-02-18 00:00:00,10723,Nrep
2014-02-25 00:00:00,58110,Com
2014-02-25 00:00:00,57652,Index
2014-02-25 00:00:00,35116,Ncom
2014-02-25 00:00:00,10924,Nrep
2014-03-04 00:00:00,66790,Com
2014-03-04 00:00:00,56474,Index
2014-03-04 00:00:00,32448,Ncom
2014-03-04 00:00:00,9962,Nrep
2014-03-11 00:00:00,74268,Com
2014-03-11 00:00:00,55310,Index
2014-03-11 00:00:00,33424,Ncom
2014-03-11 00:00:00,9829,Nrep
2014-03-18 00:00:00,67553,Com
2014-03-18 00:00:00,53354,Index
2014-03-18 00:00:00,38749,Ncom
2014-03-18 00:00:00,9921,Nrep
2014-03-25 00:00:00,67543,Com
2014-03-25 00:00:00,51851,Index
2014-03-25 00:00:00,40249,Ncom
2014-03-25 00:00:00,9913,Nrep
2014-04-01 00:00:00,68135,Com
2014-04-01 00:00:00,52293,Index
2014-04-01 00:00:00,38189,Ncom
2014-04-01 00:00:00,8456,Nrep
2014-04-08 00:00:00,66383,Com
2014-04-08 00:00:00,52360,Index
2014-04-08 00:00:00,36791,Ncom
2014-04-08 00:00:00,8579,Nrep
2014-04-15 00:00:00,60528,Com
2014-04-15 00:00:00,50727,Index
2014-04-15 00:00:00,35631,Ncom
2014-04-15 00:00:00,9553,Nrep
2014-04-22 00:00:00,59844,Com
2014-04-22 00:00:00,50370,Index
2014-04-22 00:00:00,36320,Ncom
2014-04-22 00:00:00,9020,Nrep
2014-04-29 00:00:00,60706,Com
2014-04-29 00:00:00,51433,Index
2014-04-29 00:00:00,37910,Ncom
2014-04-29 00:00:00,7390,Nrep
2014-05-06 00:00:00,59532,Com
2014-05-06 00:00:00,51106,Index
2014-05-06 00:00:00,37816,Ncom
2014-05-06 00:00:00,7534,Nrep
2014-05-13 00:00:00,62339,Com
2014-05-13 00:00:00,50886,Index
2014-05-13 00:00:00,35994,Ncom
2014-05-13 00:00:00,7183,Nrep
2014-05-20 00:00:00,62741,Com
2014-05-20 00:00:00,50653,Index
2014-05-20 00:00:00,37592,Ncom
2014-05-20 00:00:00,6907,Nrep
2014-05-27 00:00:00,63106,Com
2014-05-27 00:00:00,50408,Index
2014-05-27 00:00:00,37551,Ncom
2014-05-27 00:00:00,7676,Nrep
2014-06-03 00:00:00,62668,Com
2014-06-03 00:00:00,49888,Index
2014-06-03 00:00:00,37138,Ncom
2014-06-03 00:00:00,8055,Nrep
2014-06-10 00:00:00,66435,Com
2014-06-10 00:00:00,51600,Index
2014-06-10 00:00:00,37313,Ncom
2014-06-10 00:00:00,7756,Nrep
2014-06-17 00:00:00,59273,Com
2014-06-17 00:00:00,51078,Index
2014-06-17 00:00:00,37311,Ncom
2014-06-17 00:00:00,7399,Nrep
2014-06-24 00:00:00,54547,Com
2014-06-24 00:00:00,51175,Index
2014-06-24 00:00:00,37473,Ncom
2014-06-24 00:00:00,6377,Nrep
2014-07-01 00:00:00,57238,Com
2014-07-01 00:00:00,51599,Index
2014-07-01 00:00:00,36695,Ncom
2014-07-01 00:00:00,5930,Nrep
2014-07-08 00:00:00,55979,Com
2014-07-08 00:00:00,51954,Index
2014-07-08 00:00:00,35860,Ncom
2014-07-08 00:00:00,6532,Nrep
2014-07-15 00:00:00,62322,Com
2014-07-15 00:00:00,51356,Index
2014-07-15 00:00:00,33115,Ncom
2014-07-15 00:00:00,5788,Nrep
2014-07-22 00:00:00,60479,Com
2014-07-22 00:00:00,51206,Index
2014-07-22 00:00:00,34448,Ncom
2014-07-22 00:00:00,6612,Nrep
2014-07-29 00:00:00,58079,Com
2014-07-29 00:00:00,51730,Index
2014-07-29 00:00:00,37488,Ncom
2014-07-29 00:00:00,7964,Nrep
2014-08-05 00:00:00,57054,Com
2014-08-05 00:00:00,50809,Index
2014-08-05 00:00:00,39521,Ncom
2014-08-05 00:00:00,8024,Nrep
2014-08-12 00:00:00,50201,Com
2014-08-12 00:00:00,51166,Index
2014-08-12 00:00:00,39501,Ncom
2014-08-12 00:00:00,8184,Nrep
2014-08-19 00:00:00,50207,Com
2014-08-19 00:00:00,50642,Index
2014-08-19 00:00:00,40774,Ncom
2014-08-19 00:00:00,8226,Nrep
2014-08-26 00:00:00,44473,Com
2014-08-26 00:00:00,50060,Index
2014-08-26 00:00:00,42627,Ncom
2014-08-26 00:00:00,8406,Nrep
2014-09-02 00:00:00,45194,Com
2014-09-02 00:00:00,50392,Index
2014-09-02 00:00:00,44391,Ncom
2014-09-02 00:00:00,8386,Nrep
2014-09-09 00:00:00,48277,Com
2014-09-09 00:00:00,50743,Index
2014-09-09 00:00:00,45442,Ncom
2014-09-09 00:00:00,7684,Nrep
2014-09-16 00:00:00,53250,Com
2014-09-16 00:00:00,50530,Index
2014-09-16 00:00:00,39484,Ncom
2014-09-16 00:00:00,6028,Nrep
2014-09-23 00:00:00,55148,Com
2014-09-23 00:00:00,50384,Index
2014-09-23 00:00:00,36423,Ncom
2014-09-23 00:00:00,5997,Nrep
2014-09-30 00:00:00,56691,Com
2014-09-30 00:00:00,49745,Index
2014-09-30 00:00:00,38552,Ncom
2014-09-30 00:00:00,6651,Nrep
2014-10-07 00:00:00,63571,Com
2014-10-07 00:00:00,49503,Index
2014-10-07 00:00:00,41886,Ncom
2014-10-07 00:00:00,7391,Nrep
2014-10-14 00:00:00,62881,Com
2014-10-14 00:00:00,49476,Index
2014-10-14 00:00:00,46090,Ncom
2014-10-14 00:00:00,7594,Nrep
2014-10-21 00:00:00,65575,Com
2014-10-21 00:00:00,49366,Index
2014-10-21 00:00:00,43713,Ncom
2014-10-21 00:00:00,7279,Nrep
2014-10-28 00:00:00,66194,Com
2014-10-28 00:00:00,50677,Index
2014-10-28 00:00:00,38949,Ncom
2014-10-28 00:00:00,6357,Nrep
2014-11-04 00:00:00,63708,Com
2014-11-04 00:00:00,50208,Index
2014-11-04 00:00:00,36571,Ncom
2014-11-04 00:00:00,7888,Nrep
2014-11-11 00:00:00,63370,Com
2014-11-11 00:00:00,48223,Index
2014-11-11 00:00:00,36359,Ncom
2014-11-11 00:00:00,8719,Nrep
2014-11-18 00:00:00,53326,Com
2014-11-18 00:00:00,47666,Index
2014-11-18 00:00:00,38151,Ncom
2014-11-18 00:00:00,8062,Nrep
2014-11-25 00:00:00,53001,Com
2014-11-25 00:00:00,44830,Index
2014-11-25 00:00:00,41570,Ncom
2014-11-25 00:00:00,7865,Nrep
2014-12-02 00:00:00,58202,Com
2014-12-02 00:00:00,44997,Index
2014-12-02 00:00:00,39753,Ncom
2014-12-02 00:00:00,4767,Nrep
2014-12-09 00:00:00,62764,Com
2014-12-09 00:00:00,45291,Index
2014-12-09 00:00:00,34173,Ncom
2014-12-09 00:00:00,7443,Nrep
2014-12-16 00:00:00,63749,Com
2014-12-16 00:00:00,44658,Index
2014-12-16 00:00:00,32467,Ncom
2014-12-16 00:00:00,7655,Nrep
2014-12-23 00:00:00,69256,Com
2014-12-23 00:00:00,44930,Index
2014-12-23 00:00:00,30714,Ncom
2014-12-23 00:00:00,7637,Nrep
2014-12-30 00:00:00,71398,Com
2014-12-30 00:00:00,45647,Index
2014-12-30 00:00:00,29698,Ncom
2014-12-30 00:00:00,8334,Nrep
2015-01-06 00:00:00,71952,Com
2015-01-06 00:00:00,45409,Index
2015-01-06 00:00:00,32837,Ncom
2015-01-06 00:00:00,8470,Nrep
2015-01-13 00:00:00,75574,Com
2015-01-13 00:00:00,35005,Index
2015-01-13 00:00:00,37158,Ncom
2015-01-13 00:00:00,7565,Nrep
2015-01-20 00:00:00,78377,Com
2015-01-20 00:00:00,32675,Index
2015-01-20 00:00:00,35776,Ncom
2015-01-20 00:00:00,8021,Nrep
2015-01-27 00:00:00,80286,Com
2015-01-27 00:00:00,33303,Index
2015-01-27 00:00:00,33846,Ncom
2015-01-27 00:00:00,8720,Nrep
2015-02-03 00:00:00,81702,Com
2015-02-03 00:00:00,33189,Index
2015-02-03 00:00:00,32197,Ncom
2015-02-03 00:00:00,8250,Nrep
2015-02-10 00:00:00,79442,Com
2015-02-10 00:00:00,36035,Index
2015-02-10 00:00:00,35323,Ncom
2015-02-10 00:00:00,10399,Nrep
2015-02-17 00:00:00,74503,Com
2015-02-17 00:00:00,32499,Index
2015-02-17 00:00:00,35026,Ncom
2015-02-17 00:00:00,9160,Nrep
2015-02-24 00:00:00,81955,Com
2015-02-24 00:00:00,32600,Index
2015-02-24 00:00:00,33180,Ncom
2015-02-24 00:00:00,7661,Nrep
2015-03-03 00:00:00,92536,Com
2015-03-03 00:00:00,29684,Index
2015-03-03 00:00:00,35299,Ncom
2015-03-03 00:00:00,8765,Nrep
2015-03-10 00:00:00,94383,Com
2015-03-10 00:00:00,30023,Index
2015-03-10 00:00:00,36892,Ncom
2015-03-10 00:00:00,8407,Nrep
2015-03-17 00:00:00,97135,Com
2015-03-17 00:00:00,29211,Index
2015-03-17 00:00:00,37439,Ncom
2015-03-17 00:00:00,8757,Nrep
2015-03-24 00:00:00,97450,Com
2015-03-24 00:00:00,31027,Index
2015-03-24 00:00:00,34861,Ncom
2015-03-24 00:00:00,7745,Nrep
2015-03-31 00:00:00,102226,Com
2015-03-31 00:00:00,32322,Index
2015-03-31 00:00:00,33992,Ncom
2015-03-31 00:00:00,7433,Nrep
2015-04-07 00:00:00,101976,Com
2015-04-07 00:00:00,31008,Index
2015-04-07 00:00:00,33368,Ncom
2015-04-07 00:00:00,7282,Nrep
2015-04-14 00:00:00,98050,Com
2015-04-14 00:00:00,30669,Index
2015-04-14 00:00:00,32700,Ncom
2015-04-14 00:00:00,7044,Nrep
2015-04-21 00:00:00,89531,Com
2015-04-21 00:00:00,29344,Index
2015-04-21 00:00:00,35231,Ncom
2015-04-21 00:00:00,5830,Nrep
2015-04-28 00:00:00,89657,Com
2015-04-28 00:00:00,30215,Index
2015-04-28 00:00:00,36119,Ncom
2015-04-28 00:00:00,8435,Nrep
2015-05-05 00:00:00,90096,Com
2015-05-05 00:00:00,31378,Index
2015-05-05 00:00:00,34882,Ncom
2015-05-05 00:00:00,9530,Nrep
2015-05-12 00:00:00,88880,Com
2015-05-12 00:00:00,31504,Index
2015-05-12 00:00:00,33402,Ncom
2015-05-12 00:00:00,9771,Nrep
2015-05-19 00:00:00,84119,Com
2015-05-19 00:00:00,32825,Index
2015-05-19 00:00:00,33506,Ncom
2015-05-19 00:00:00,10759,Nrep
2015-05-26 00:00:00,93496,Com
2015-05-26 00:00:00,32456,Index
2015-05-26 00:00:00,32684,Ncom
2015-05-26 00:00:00,11781,Nrep
2015-06-02 00:00:00,90630,Com
2015-06-02 00:00:00,33736,Index
2015-06-02 00:00:00,33510,Ncom
2015-06-02 00:00:00,11146,Nrep
2015-06-09 00:00:00,83957,Com
2015-06-09 00:00:00,34646,Index
2015-06-09 00:00:00,32954,Ncom
2015-06-09 00:00:00,11004,Nrep
2015-06-16 00:00:00,78923,Com
2015-06-16 00:00:00,33261,Index
2015-06-16 00:00:00,32182,Ncom
2015-06-16 00:00:00,11276,Nrep
2015-06-23 00:00:00,86229,Com
2015-06-23 00:00:00,32865,Index
2015-06-23 00:00:00,33116,Ncom
2015-06-23 00:00:00,10834,Nrep
2015-06-30 00:00:00,80254,Com
2015-06-30 00:00:00,32943,Index
2015-06-30 00:00:00,31303,Ncom
2015-06-30 00:00:00,11066,Nrep
2015-07-07 00:00:00,87374,Com
2015-07-07 00:00:00,33500,Index
2015-07-07 00:00:00,28155,Ncom
2015-07-07 00:00:00,13470,Nrep
2015-07-14 00:00:00,86636,Com
2015-07-14 00:00:00,33091,Index
2015-07-14 00:00:00,29411,Ncom
2015-07-14 00:00:00,12090,Nrep
2015-07-21 00:00:00,87238,Com
2015-07-21 00:00:00,33325,Index
2015-07-21 00:00:00,30014,Ncom
2015-07-21 00:00:00,11881,Nrep
2015-07-28 00:00:00,95371,Com
2015-07-28 00:00:00,33632,Index
2015-07-28 00:00:00,30125,Ncom
2015-07-28 00:00:00,12619,Nrep
2015-08-04 00:00:00,92701,Com
2015-08-04 00:00:00,33255,Index
2015-08-04 00:00:00,31839,Ncom
2015-08-04 00:00:00,11511,Nrep
2015-08-11 00:00:00,84514,Com
2015-08-11 00:00:00,34246,Index
2015-08-11 00:00:00,35698,Ncom
2015-08-11 00:00:00,13079,Nrep
2015-08-18 00:00:00,75162,Com
2015-08-18 00:00:00,32359,Index
2015-08-18 00:00:00,34328,Ncom
2015-08-18 00:00:00,9679,Nrep
2015-08-25 00:00:00,79936,Com
2015-08-25 00:00:00,32701,Index
2015-08-25 00:00:00,28210,Ncom
2015-08-25 00:00:00,11164,Nrep
2015-09-01 00:00:00,83964,Com
2015-09-01 00:00:00,31957,Index
2015-09-01 00:00:00,28657,Ncom
2015-09-01 00:00:00,13502,Nrep
2015-09-08 00:00:00,90049,Com
2015-09-08 00:00:00,32338,Index
2015-09-08 00:00:00,28572,Ncom
2015-09-08 00:00:00,11008,Nrep
2015-09-15 00:00:00,94517,Com
2015-09-15 00:00:00,32485,Index
2015-09-15 00:00:00,29886,Ncom
2015-09-15 00:00:00,12791,Nrep
2015-09-22 00:00:00,97527,Com
2015-09-22 00:00:00,32055,Index
2015-09-22 00:00:00,30034,Ncom
2015-09-22 00:00:00,13398,Nrep
2015-09-29 00:00:00,98942,Com
2015-09-29 00:00:00,32388,Index
2015-09-29 00:00:00,30972,Ncom
2015-09-29 00:00:00,12275,Nrep
2015-10-06 00:00:00,95682,Com
2015-10-06 00:00:00,32499,Index
2015-10-06 00:00:00,30927,Ncom
2015-10-06 00:00:00,12087,Nrep
2015-10-13 00:00:00,87773,Com
2015-10-13 00:00:00,32280,Index
2015-10-13 00:00:00,30639,Ncom
2015-10-13 00:00:00,11500,Nrep
2015-10-20 00:00:00,84159,Com
2015-10-20 00:00:00,32241,Index
2015-10-20 00:00:00,29288,Ncom
2015-10-20 00:00:00,12548,Nrep
2015-10-27 00:00:00,92565,Com
2015-10-27 00:00:00,33575,Index
2015-10-27 00:00:00,28286,Ncom
2015-10-27 00:00:00,13384,Nrep
2015-11-03 00:00:00,96499,Com
2015-11-03 00:00:00,33894,Index
2015-11-03 00:00:00,27679,Ncom
2015-11-03 00:00:00,12756,Nrep
2015-11-10 00:00:00,101842,Com
2015-11-10 00:00:00,33745,Index
2015-11-10 00:00:00,27218,Ncom
2015-11-10 00:00:00,13088,Nrep
2015-11-17 00:00:00,91919,Com
2015-11-17 00:00:00,32221,Index
2015-11-17 00:00:00,26747,Ncom
2015-11-17 00:00:00,12579,Nrep
2015-11-24 00:00:00,83759,Com
2015-11-24 00:00:00,31206,Index
2015-11-24 00:00:00,26466,Ncom
2015-11-24 00:00:00,11251,Nrep
2015-12-01 00:00:00,83400,Com
2015-12-01 00:00:00,32010,Index
2015-12-01 00:00:00,25989,Ncom
2015-12-01 00:00:00,11329,Nrep
2015-12-08 00:00:00,79882,Com
2015-12-08 00:00:00,31647,Index
2015-12-08 00:00:00,25436,Ncom
2015-12-08 00:00:00,10627,Nrep
2015-12-15 00:00:00,81903,Com
2015-12-15 00:00:00,31227,Index
2015-12-15 00:00:00,26343,Ncom
2015-12-15 00:00:00,11085,Nrep
2015-12-22 00:00:00,88502,Com
2015-12-22 00:00:00,31400,Index
2015-12-22 00:00:00,24619,Ncom
2015-12-22 00:00:00,11772,Nrep
2015-12-29 00:00:00,86728,Com
2015-12-29 00:00:00,31658,Index
2015-12-29 00:00:00,24589,Ncom
2015-12-29 00:00:00,12065,Nrep
2016-01-05 00:00:00,84497,Com
2016-01-05 00:00:00,31559,Index
2016-01-05 00:00:00,24420,Ncom
2016-01-05 00:00:00,10975,Nrep
2016-01-12 00:00:00,97630,Com
2016-01-12 00:00:00,33944,Index
2016-01-12 00:00:00,25307,Ncom
2016-01-12 00:00:00,12648,Nrep
2016-01-19 00:00:00,104867,Com
2016-01-19 00:00:00,35664,Index
2016-01-19 00:00:00,24462,Ncom
2016-01-19 00:00:00,12777,Nrep
2016-01-26 00:00:00,107272,Com
2016-01-26 00:00:00,36187,Index
2016-01-26 00:00:00,23560,Ncom
2016-01-26 00:00:00,12214,Nrep
2016-02-02 00:00:00,98960,Com
2016-02-02 00:00:00,37223,Index
2016-02-02 00:00:00,26231,Ncom
2016-02-02 00:00:00,12005,Nrep
2016-02-09 00:00:00,98101,Com
2016-02-09 00:00:00,37360,Index
2016-02-09 00:00:00,25420,Ncom
2016-02-09 00:00:00,12142,Nrep
2016-02-16 00:00:00,93345,Com
2016-02-16 00:00:00,37511,Index
2016-02-16 00:00:00,23706,Ncom
2016-02-16 00:00:00,11731,Nrep
2016-02-23 00:00:00,89192,Com
2016-02-23 00:00:00,36453,Index
2016-02-23 00:00:00,26429,Ncom
2016-02-23 00:00:00,10962,Nrep
2016-03-01 00:00:00,96515,Com
2016-03-01 00:00:00,36291,Index
2016-03-01 00:00:00,25039,Ncom
2016-03-01 00:00:00,12907,Nrep
2016-03-08 00:00:00,93783,Com
2016-03-08 00:00:00,36216,Index
2016-03-08 00:00:00,29939,Ncom
2016-03-08 00:00:00,11216,Nrep
2016-03-15 00:00:00,85361,Com
2016-03-15 00:00:00,36537,Index
2016-03-15 00:00:00,35550,Ncom
2016-03-15 00:00:00,11044,Nrep
2016-03-22 00:00:00,83547,Com
2016-03-22 00:00:00,37804,Index
2016-03-22 00:00:00,44587,Ncom
2016-03-22 00:00:00,12762,Nrep
2016-03-29 00:00:00,82619,Com
2016-03-29 00:00:00,37904,Index
2016-03-29 00:00:00,45679,Ncom
2016-03-29 00:00:00,12116,Nrep
2016-04-05 00:00:00,87182,Com
2016-04-05 00:00:00,38576,Index
2016-04-05 00:00:00,37780,Ncom
2016-04-05 00:00:00,13677,Nrep
2016-04-12 00:00:00,84012,Com
2016-04-12 00:00:00,37949,Index
2016-04-12 00:00:00,35477,Ncom
2016-04-12 00:00:00,12972,Nrep
2016-04-19 00:00:00,80762,Com
2016-04-19 00:00:00,37366,Index
2016-04-19 00:00:00,38266,Ncom
2016-04-19 00:00:00,12633,Nrep
2016-04-26 00:00:00,80515,Com
2016-04-26 00:00:00,38524,Index
2016-04-26 00:00:00,33835,Ncom
2016-04-26 00:00:00,12968,Nrep
2016-05-03 00:00:00,89636,Com
2016-05-03 00:00:00,37375,Index
2016-05-03 00:00:00,31616,Ncom
2016-05-03 00:00:00,14399,Nrep
2016-05-10 00:00:00,88333,Com
2016-05-10 00:00:00,38140,Index
2016-05-10 00:00:00,32585,Ncom
2016-05-10 00:00:00,12854,Nrep
2016-05-17 00:00:00,84372,Com
2016-05-17 00:00:00,38240,Index
2016-05-17 00:00:00,36769,Ncom
2016-05-17 00:00:00,11881,Nrep
2016-05-24 00:00:00,84214,Com
2016-05-24 00:00:00,38065,Index
2016-05-24 00:00:00,32561,Ncom
2016-05-24 00:00:00,13384,Nrep
2016-05-31 00:00:00,89294,Com
2016-05-31 00:00:00,40204,Index
2016-05-31 00:00:00,30382,Ncom
2016-05-31 00:00:00,15596,Nrep
2016-06-07 00:00:00,87394,Com
2016-06-07 00:00:00,37154,Index
2016-06-07 00:00:00,35038,Ncom
2016-06-07 00:00:00,14618,Nrep
2016-06-14 00:00:00,77101,Com
2016-06-14 00:00:00,35928,Index
2016-06-14 00:00:00,41007,Ncom
2016-06-14 00:00:00,14163,Nrep
2016-06-21 00:00:00,70168,Com
2016-06-21 00:00:00,35204,Index
2016-06-21 00:00:00,46284,Ncom
2016-06-21 00:00:00,12814,Nrep
2016-06-28 00:00:00,70728,Com
2016-06-28 00:00:00,35056,Index
2016-06-28 00:00:00,47916,Ncom
2016-06-28 00:00:00,12396,Nrep
2016-07-05 00:00:00,69705,Com
2016-07-05 00:00:00,36553,Index
2016-07-05 00:00:00,49822,Ncom
2016-07-05 00:00:00,13810,Nrep
2016-07-12 00:00:00,69731,Com
2016-07-12 00:00:00,36107,Index
2016-07-12 00:00:00,53066,Ncom
2016-07-12 00:00:00,14270,Nrep
2016-07-19 00:00:00,72628,Com
2016-07-19 00:00:00,35937,Index
2016-07-19 00:00:00,54977,Ncom
2016-07-19 00:00:00,13955,Nrep
2016-07-26 00:00:00,74189,Com
2016-07-26 00:00:00,36105,Index
2016-07-26 00:00:00,52237,Ncom
2016-07-26 00:00:00,12514,Nrep
2016-08-02 00:00:00,74580,Com
2016-08-02 00:00:00,36791,Index
2016-08-02 00:00:00,51279,Ncom
2016-08-02 00:00:00,13648,Nrep
2016-08-09 00:00:00,73439,Com
2016-08-09 00:00:00,36577,Index
2016-08-09 00:00:00,49807,Ncom
2016-08-09 00:00:00,14063,Nrep
2016-08-16 00:00:00,62906,Com
2016-08-16 00:00:00,37260,Index
2016-08-16 00:00:00,46465,Ncom
2016-08-16 00:00:00,13740,Nrep
2016-08-23 00:00:00,53975,Com
2016-08-23 00:00:00,37307,Index
2016-08-23 00:00:00,50176,Ncom
2016-08-23 00:00:00,12235,Nrep
2016-08-30 00:00:00,53082,Com
2016-08-30 00:00:00,40959,Index
2016-08-30 00:00:00,46270,Ncom
2016-08-30 00:00:00,11646,Nrep
2016-09-06 00:00:00,53568,Com
2016-09-06 00:00:00,42164,Index
2016-09-06 00:00:00,53804,Ncom
2016-09-06 00:00:00,12269,Nrep
2016-09-13 00:00:00,52962,Com
2016-09-13 00:00:00,41572,Index
2016-09-13 00:00:00,55423,Ncom
2016-09-13 00:00:00,11452,Nrep
2016-09-20 00:00:00,54197,Com
2016-09-20 00:00:00,41164,Index
2016-09-20 00:00:00,59295,Ncom
2016-09-20 00:00:00,12041,Nrep
2016-09-27 00:00:00,60151,Com
2016-09-27 00:00:00,41048,Index
2016-09-27 00:00:00,57772,Ncom
2016-09-27 00:00:00,12184,Nrep
2016-10-04 00:00:00,60500,Com
2016-10-04 00:00:00,40872,Index
2016-10-04 00:00:00,54966,Ncom
2016-10-04 00:00:00,12685,Nrep
2016-10-11 00:00:00,61829,Com
2016-10-11 00:00:00,42295,Index
2016-10-11 00:00:00,52489,Ncom
2016-10-11 00:00:00,12698,Nrep
2016-10-18 00:00:00,60839,Com
2016-10-18 00:00:00,44005,Index
2016-10-18 00:00:00,56879,Ncom
2016-10-18 00:00:00,12460,Nrep
2016-10-25 00:00:00,64208,Com
2016-10-25 00:00:00,44177,Index
2016-10-25 00:00:00,65948,Ncom
2016-10-25 00:00:00,12546,Nrep
2016-11-01 00:00:00,63947,Com
2016-11-01 00:00:00,46032,Index
2016-11-01 00:00:00,70173,Ncom
2016-11-01 00:00:00,12359,Nrep
2016-11-08 00:00:00,72167,Com
2016-11-08 00:00:00,46455,Index
2016-11-08 00:00:00,74474,Ncom
2016-11-08 00:00:00,12709,Nrep
2016-11-15 00:00:00,60520,Com
2016-11-15 00:00:00,46104,Index
2016-11-15 00:00:00,65797,Ncom
2016-11-15 00:00:00,12268,Nrep
2016-11-22 00:00:00,56524,Com
2016-11-22 00:00:00,44978,Index
2016-11-22 00:00:00,62287,Ncom
2016-11-22 00:00:00,12174,Nrep
2016-11-29 00:00:00,61802,Com
2016-11-29 00:00:00,44637,Index
2016-11-29 00:00:00,54492,Ncom
2016-11-29 00:00:00,12203,Nrep
2016-12-06 00:00:00,71893,Com
2016-12-06 00:00:00,43075,Index
2016-12-06 00:00:00,43386,Ncom
2016-12-06 00:00:00,11794,Nrep
2016-12-13 00:00:00,72889,Com
2016-12-13 00:00:00,40154,Index
2016-12-13 00:00:00,40398,Ncom
2016-12-13 00:00:00,12094,Nrep
2016-12-20 00:00:00,72975,Com
2016-12-20 00:00:00,40954,Index
2016-12-20 00:00:00,40895,Ncom
2016-12-20 00:00:00,12045,Nrep
2016-12-27 00:00:00,78881,Com
2016-12-27 00:00:00,40778,Index
2016-12-27 00:00:00,37592,Ncom
2016-12-27 00:00:00,11194,Nrep
2017-01-03 00:00:00,82768,Com
2017-01-03 00:00:00,39379,Index
2017-01-03 00:00:00,39686,Ncom
2017-01-03 00:00:00,11844,Nrep
2017-01-10 00:00:00,75959,Com
2017-01-10 00:00:00,39962,Index
2017-01-10 00:00:00,41746,Ncom
2017-01-10 00:00:00,11170,Nrep
2017-01-17 00:00:00,68969,Com
2017-01-17 00:00:00,39458,Index
2017-01-17 00:00:00,41853,Ncom
2017-01-17 00:00:00,10379,Nrep
2017-01-24 00:00:00,67603,Com
2017-01-24 00:00:00,41927,Index
2017-01-24 00:00:00,42253,Ncom
2017-01-24 00:00:00,10526,Nrep
2017-01-31 00:00:00,67599,Com
2017-01-31 00:00:00,43614,Index
2017-01-31 00:00:00,42180,Ncom
2017-01-31 00:00:00,10313,Nrep
2017-02-07 00:00:00,72132,Com
2017-02-07 00:00:00,42825,Index
2017-02-07 00:00:00,39796,Ncom
2017-02-07 00:00:00,11098,Nrep
2017-02-14 00:00:00,60581,Com
2017-02-14 00:00:00,42352,Index
2017-02-14 00:00:00,42995,Ncom
2017-02-14 00:00:00,10475,Nrep
2017-02-21 00:00:00,60601,Com
2017-02-21 00:00:00,42174,Index
2017-02-21 00:00:00,46479,Ncom
2017-02-21 00:00:00,10486,Nrep
2017-02-28 00:00:00,64923,Com
2017-02-28 00:00:00,42075,Index
2017-02-28 00:00:00,45316,Ncom
2017-02-28 00:00:00,10051,Nrep
2017-03-07 00:00:00,66785,Com
2017-03-07 00:00:00,42484,Index
2017-03-07 00:00:00,45518,Ncom
2017-03-07 00:00:00,10323,Nrep
2017-03-14 00:00:00,71292,Com
2017-03-14 00:00:00,40565,Index
2017-03-14 00:00:00,46772,Ncom
2017-03-14 00:00:00,10887,Nrep
2017-03-21 00:00:00,71936,Com
2017-03-21 00:00:00,40761,Index
2017-03-21 00:00:00,49370,Ncom
2017-03-21 00:00:00,11006,Nrep
2017-03-28 00:00:00,79206,Com
2017-03-28 00:00:00,37873,Index
2017-03-28 00:00:00,46364,Ncom
2017-03-28 00:00:00,11494,Nrep
2017-04-04 00:00:00,84125,Com
2017-04-04 00:00:00,38133,Index
2017-04-04 00:00:00,47883,Ncom
2017-04-04 00:00:00,11722,Nrep
2017-04-11 00:00:00,84875,Com
2017-04-11 00:00:00,40047,Index
2017-04-11 00:00:00,50176,Ncom
2017-04-11 00:00:00,11336,Nrep
2017-04-18 00:00:00,73692,Com
2017-04-18 00:00:00,41242,Index
2017-04-18 00:00:00,52759,Ncom
2017-04-18 00:00:00,10640,Nrep
2017-04-25 00:00:00,86368,Com
2017-04-25 00:00:00,43347,Index
2017-04-25 00:00:00,39295,Ncom
2017-04-25 00:00:00,11545,Nrep
2017-05-02 00:00:00,89343,Com
2017-05-02 00:00:00,44441,Index
2017-05-02 00:00:00,39148,Ncom
2017-05-02 00:00:00,11424,Nrep
2017-05-09 00:00:00,88434,Com
2017-05-09 00:00:00,43803,Index
2017-05-09 00:00:00,40077,Ncom
2017-05-09 00:00:00,10971,Nrep
2017-05-16 00:00:00,89180,Com
2017-05-16 00:00:00,42971,Index
2017-05-16 00:00:00,39263,Ncom
2017-05-16 00:00:00,11409,Nrep
2017-05-23 00:00:00,90951,Com
2017-05-23 00:00:00,44142,Index
2017-05-23 00:00:00,39969,Ncom
2017-05-23 00:00:00,12654,Nrep
2017-05-30 00:00:00,91827,Com
2017-05-30 00:00:00,45011,Index
2017-05-30 00:00:00,40686,Ncom
2017-05-30 00:00:00,11677,Nrep
2017-06-06 00:00:00,97412,Com
2017-06-06 00:00:00,43651,Index
2017-06-06 00:00:00,40020,Ncom
2017-06-06 00:00:00,13245,Nrep
2017-06-13 00:00:00,95751,Com
2017-06-13 00:00:00,42670,Index
2017-06-13 00:00:00,41833,Ncom
2017-06-13 00:00:00,13619,Nrep
2017-06-20 00:00:00,90812,Com
2017-06-20 00:00:00,40135,Index
2017-06-20 00:00:00,43139,Ncom
2017-06-20 00:00:00,13627,Nrep
2017-06-27 00:00:00,96757,Com
2017-06-27 00:00:00,41314,Index
2017-06-27 00:00:00,41228,Ncom
2017-06-27 00:00:00,12465,Nrep
2017-07-03 00:00:00,98073,Com
2017-07-03 00:00:00,42986,Index
2017-07-03 00:00:00,43065,Ncom
2017-07-03 00:00:00,12142,Nrep
2017-07-11 00:00:00,100458,Com
2017-07-11 00:00:00,43938,Index
2017-07-11 00:00:00,38447,Ncom
2017-07-11 00:00:00,10362,Nrep
2017-07-18 00:00:00,97630,Com
2017-07-18 00:00:00,44517,Index
2017-07-18 00:00:00,40171,Ncom
2017-07-18 00:00:00,10417,Nrep
2017-07-25 00:00:00,94614,Com
2017-07-25 00:00:00,47531,Index
2017-07-25 00:00:00,36450,Ncom
2017-07-25 00:00:00,9901,Nrep
2017-08-01 00:00:00,93026,Com
2017-08-01 00:00:00,46663,Index
2017-08-01 00:00:00,36731,Ncom
2017-08-01 00:00:00,10053,Nrep
2017-08-08 00:00:00,93014,Com
2017-08-08 00:00:00,44523,Index
2017-08-08 00:00:00,35722,Ncom
2017-08-08 00:00:00,9900,Nrep
2017-08-15 00:00:00,78207,Com
2017-08-15 00:00:00,45353,Index
2017-08-15 00:00:00,33974,Ncom
2017-08-15 00:00:00,9287,Nrep
2017-08-22 00:00:00,79624,Com
2017-08-22 00:00:00,45429,Index
2017-08-22 00:00:00,30265,Ncom
2017-08-22 00:00:00,10484,Nrep
2017-08-29 00:00:00,84843,Com
2017-08-29 00:00:00,45488,Index
2017-08-29 00:00:00,31475,Ncom
2017-08-29 00:00:00,11275,Nrep
2017-09-05 00:00:00,89236,Com
2017-09-05 00:00:00,45736,Index
2017-09-05 00:00:00,34884,Ncom
2017-09-05 00:00:00,12600,Nrep
2017-09-12 00:00:00,85102,Com
2017-09-12 00:00:00,43870,Index
2017-09-12 00:00:00,36915,Ncom
2017-09-12 00:00:00,11666,Nrep
2017-09-19 00:00:00,77968,Com
2017-09-19 00:00:00,43313,Index
2017-09-19 00:00:00,33156,Ncom
2017-09-19 00:00:00,10031,Nrep
2017-09-26 00:00:00,78575,Com
2017-09-26 00:00:00,42979,Index
2017-09-26 00:00:00,36335,Ncom
2017-09-26 00:00:00,10671,Nrep
2017-10-03 00:00:00,86963,Com
2017-10-03 00:00:00,43330,Index
2017-10-03 00:00:00,35591,Ncom
2017-10-03 00:00:00,13358,Nrep
2017-10-10 00:00:00,87909,Com
2017-10-10 00:00:00,45459,Index
2017-10-10 00:00:00,36075,Ncom
2017-10-10 00:00:00,13092,Nrep
2017-10-17 00:00:00,97567,Com
2017-10-17 00:00:00,47466,Index
2017-10-17 00:00:00,35194,Ncom
2017-10-17 00:00:00,15829,Nrep
2017-10-24 00:00:00,103881,Com
2017-10-24 00:00:00,47697,Index
2017-10-24 00:00:00,35863,Ncom
2017-10-24 00:00:00,16210,Nrep
2017-10-31 00:00:00,101905,Com
2017-10-31 00:00:00,47838,Index
2017-10-31 00:00:00,37979,Ncom
2017-10-31 00:00:00,16331,Nrep
2017-11-07 00:00:00,102964,Com
2017-11-07 00:00:00,45797,Index
2017-11-07 00:00:00,37292,Ncom
2017-11-07 00:00:00,16003,Nrep
2017-11-14 00:00:00,86831,Com
2017-11-14 00:00:00,46135,Index
2017-11-14 00:00:00,36404,Ncom
2017-11-14 00:00:00,14464,Nrep
2017-11-21 00:00:00,79792,Com
2017-11-21 00:00:00,42875,Index
2017-11-21 00:00:00,35832,Ncom
2017-11-21 00:00:00,14222,Nrep
2017-11-28 00:00:00,74274,Com
2017-11-28 00:00:00,42256,Index
2017-11-28 00:00:00,36252,Ncom
2017-11-28 00:00:00,12909,Nrep
2017-12-05 00:00:00,72221,Com
2017-12-05 00:00:00,42755,Index
2017-12-05 00:00:00,35787,Ncom
2017-12-05 00:00:00,13370,Nrep
2017-12-12 00:00:00,89338,Com
2017-12-12 00:00:00,43018,Index
2017-12-12 00:00:00,33933,Ncom
2017-12-12 00:00:00,15949,Nrep
2017-12-19 00:00:00,92917,Com
2017-12-19 00:00:00,41202,Index
2017-12-19 00:00:00,34501,Ncom
2017-12-19 00:00:00,16079,Nrep
2017-12-26 00:00:00,100515,Com
2017-12-26 00:00:00,41024,Index
2017-12-26 00:00:00,36112,Ncom
2017-12-26 00:00:00,15840,Nrep
2018-01-02 00:00:00,95278,Com
2018-01-02 00:00:00,41515,Index
2018-01-02 00:00:00,38243,Ncom
2018-01-02 00:00:00,14473,Nrep
2018-01-09 00:00:00,90084,Com
2018-01-09 00:00:00,44540,Index
2018-01-09 00:00:00,37939,Ncom
2018-01-09 00:00:00,14709,Nrep
2018-01-16 00:00:00,100065,Com
2018-01-16 00:00:00,51265,Index
2018-01-16 00:00:00,37311,Ncom
2018-01-16 00:00:00,16707,Nrep
2018-01-23 00:00:00,104160,Com
2018-01-23 00:00:00,52320,Index
2018-01-23 00:00:00,37536,Ncom
2018-01-23 00:00:00,17153,Nrep
2018-01-30 00:00:00,100578,Com
2018-01-30 00:00:00,53604,Index
2018-01-30 00:00:00,38057,Ncom
2018-01-30 00:00:00,16660,Nrep
2018-02-06 00:00:00,107284,Com
2018-02-06 00:00:00,54871,Index
2018-02-06 00:00:00,37446,Ncom
2018-02-06 00:00:00,17346,Nrep
2018-02-13 00:00:00,98860,Com
2018-02-13 00:00:00,49294,Index
2018-02-13 00:00:00,36146,Ncom
2018-02-13 00:00:00,15797,Nrep
2018-02-20 00:00:00,94166,Com
2018-02-20 00:00:00,48969,Index
2018-02-20 00:00:00,38721,Ncom
2018-02-20 00:00:00,18622,Nrep
2018-02-27 00:00:00,97724,Com
2018-02-27 00:00:00,48850,Index
2018-02-27 00:00:00,41868,Ncom
2018-02-27 00:00:00,17327,Nrep
2018-03-06 00:00:00,103706,Com
2018-03-06 00:00:00,49334,Index
2018-03-06 00:00:00,43852,Ncom
2018-03-06 00:00:00,17239,Nrep
2018-03-13 00:00:00,102052,Com
2018-03-13 00:00:00,49170,Index
2018-03-13 00:00:00,46124,Ncom
2018-03-13 00:00:00,17634,Nrep
2018-03-20 00:00:00,110963,Com
2018-03-20 00:00:00,51355,Index
2018-03-20 00:00:00,43950,Ncom
2018-03-20 00:00:00,18390,Nrep
2018-03-27 00:00:00,111605,Com
2018-03-27 00:00:00,52095,Index
2018-03-27 00:00:00,47834,Ncom
2018-03-27 00:00:00,18403,Nrep
2018-04-03 00:00:00,115412,Com
2018-04-03 00:00:00,51033,Index
2018-04-03 00:00:00,46242,Ncom
2018-04-03 00:00:00,21594,Nrep
2018-04-10 00:00:00,114713,Com
2018-04-10 00:00:00,51876,Index
2018-04-10 00:00:00,49003,Ncom
2018-04-10 00:00:00,19219,Nrep
2018-04-17 00:00:00,113986,Com
2018-04-17 00:00:00,51129,Index
2018-04-17 00:00:00,46496,Ncom
2018-04-17 00:00:00,19959,Nrep
2018-04-24 00:00:00,111954,Com
2018-04-24 00:00:00,47388,Index
2018-04-24 00:00:00,46839,Ncom
2018-04-24 00:00:00,16188,Nrep
2018-05-01 00:00:00,111264,Com
2018-05-01 00:00:00,47032,Index
2018-05-01 00:00:00,48253,Ncom
2018-05-01 00:00:00,15362,Nrep
2018-05-08 00:00:00,106173,Com
2018-05-08 00:00:00,44831,Index
2018-05-08 00:00:00,42783,Ncom
2018-05-08 00:00:00,16073,Nrep
2018-05-15 00:00:00,110836,Com
2018-05-15 00:00:00,46313,Index
2018-05-15 00:00:00,43431,Ncom
2018-05-15 00:00:00,17800,Nrep
2018-05-22 00:00:00,112512,Com
2018-05-22 00:00:00,47037,Index
2018-05-22 00:00:00,45313,Ncom
2018-05-22 00:00:00,18028,Nrep
2018-05-29 00:00:00,112994,Com
2018-05-29 00:00:00,52007,Index
2018-05-29 00:00:00,44543,Ncom
2018-05-29 00:00:00,17454,Nrep
2018-06-05 00:00:00,112723,Com
2018-06-05 00:00:00,56715,Index
2018-06-05 00:00:00,43634,Ncom
2018-06-05 00:00:00,17364,Nrep
2018-06-12 00:00:00,122030,Com
2018-06-12 00:00:00,55031,Index
2018-06-12 00:00:00,44280,Ncom
2018-06-12 00:00:00,18172,Nrep
2018-06-19 00:00:00,117782,Com
2018-06-19 00:00:00,64937,Index
2018-06-19 00:00:00,44956,Ncom
2018-06-19 00:00:00,19216,Nrep
2018-06-26 00:00:00,113403,Com
2018-06-26 00:00:00,63747,Index
2018-06-26 00:00:00,45949,Ncom
2018-06-26 00:00:00,17004,Nrep
2018-07-03 00:00:00,123146,Com
2018-07-03 00:00:00,68340,Index
2018-07-03 00:00:00,45321,Ncom
2018-07-03 00:00:00,19890,Nrep
2018-07-10 00:00:00,127140,Com
2018-07-10 00:00:00,69509,Index
2018-07-10 00:00:00,43676,Ncom
2018-07-10 00:00:00,17723,Nrep
2018-07-17 00:00:00,139172,Com
2018-07-17 00:00:00,74175,Index
2018-07-17 00:00:00,35545,Ncom
2018-07-17 00:00:00,18343,Nrep
2018-07-24 00:00:00,146069,Com
2018-07-24 00:00:00,80689,Index
2018-07-24 00:00:00,37492,Ncom
2018-07-24 00:00:00,18781,Nrep
2018-07-31 00:00:00,148613,Com
2018-07-31 00:00:00,76323,Index
2018-07-31 00:00:00,38830,Ncom
2018-07-31 00:00:00,18641,Nrep
2018-08-07 00:00:00,154554,Com
2018-08-07 00:00:00,77218,Index
2018-08-07 00:00:00,38942,Ncom
2018-08-07 00:00:00,20133,Nrep
2018-08-14 00:00:00,150213,Com
2018-08-14 00:00:00,70477,Index
2018-08-14 00:00:00,38600,Ncom
2018-08-14 00:00:00,19391,Nrep
2018-08-21 00:00:00,145055,Com
2018-08-21 00:00:00,66908,Index
2018-08-21 00:00:00,40469,Ncom
2018-08-21 00:00:00,19052,Nrep
2018-08-28 00:00:00,142562,Com
2018-08-28 00:00:00,71879,Index
2018-08-28 00:00:00,39569,Ncom
2018-08-28 00:00:00,19442,Nrep
2018-09-04 00:00:00,149912,Com
2018-09-04 00:00:00,71947,Index
2018-09-04 00:00:00,37076,Ncom
2018-09-04 00:00:00,20014,Nrep
2018-09-11 00:00:00,150223,Com
2018-09-11 00:00:00,72847,Index
2018-09-11 00:00:00,36142,Ncom
2018-09-11 00:00:00,22190,Nrep
2018-09-18 00:00:00,158612,Com
2018-09-18 00:00:00,72448,Index
2018-09-18 00:00:00,37382,Ncom
2018-09-18 00:00:00,23842,Nrep
2018-09-25 00:00:00,160885,Com
2018-09-25 00:00:00,72440,Index
2018-09-25 00:00:00,38869,Ncom
2018-09-25 00:00:00,21385,Nrep
2018-10-02 00:00:00,157807,Com
2018-10-02 00:00:00,72631,Index
2018-10-02 00:00:00,39374,Ncom
2018-10-02 00:00:00,21766,Nrep
2018-10-09 00:00:00,157699,Com
2018-10-09 00:00:00,71601,Index
2018-10-09 00:00:00,29689,Ncom
2018-10-09 00:00:00,18990,Nrep
2018-10-16 00:00:00,144431,Com
2018-10-16 00:00:00,71516,Index
2018-10-16 00:00:00,26103,Ncom
2018-10-16 00:00:00,14690,Nrep
2018-10-23 00:00:00,134485,Com
2018-10-23 00:00:00,70439,Index
2018-10-23 00:00:00,25969,Ncom
2018-10-23 00:00:00,13452,Nrep
2018-10-30 00:00:00,135247,Com
2018-10-30 00:00:00,73903,Index
2018-10-30 00:00:00,25291,Ncom
2018-10-30 00:00:00,13169,Nrep
2018-11-06 00:00:00,136823,Com
2018-11-06 00:00:00,77104,Index
2018-11-06 00:00:00,26721,Ncom
2018-11-06 00:00:00,12586,Nrep
2018-11-13 00:00:00,117100,Com
2018-11-13 00:00:00,66396,Index
2018-11-13 00:00:00,23816,Ncom
2018-11-13 00:00:00,13048,Nrep
2018-11-20 00:00:00,111148,Com
2018-11-20 00:00:00,66432,Index
2018-11-20 00:00:00,25610,Ncom
2018-11-20 00:00:00,11532,Nrep
2018-11-27 00:00:00,114908,Com
2018-11-27 00:00:00,66521,Index
2018-11-27 00:00:00,24735,Ncom
2018-11-27 00:00:00,11577,Nrep
2018-12-04 00:00:00,122076,Com
2018-12-04 00:00:00,67424,Index
2018-12-04 00:00:00,21976,Ncom
2018-12-04 00:00:00,13035,Nrep
2018-12-11 00:00:00,130357,Com
2018-12-11 00:00:00,66483,Index
2018-12-11 00:00:00,25188,Ncom
2018-12-11 00:00:00,14684,Nrep
2018-12-18 00:00:00,130733,Com
2018-12-18 00:00:00,65965,Index
2018-12-18 00:00:00,26034,Ncom
2018-12-18 00:00:00,16012,Nrep
2018-12-24 00:00:00,133618,Com
2018-12-24 00:00:00,65103,Index
2018-12-24 00:00:00,25081,Ncom
2018-12-24 00:00:00,17551,Nrep
2018-12-31 00:00:00,134863,Com
2018-12-31 00:00:00,65323,Index
2018-12-31 00:00:00,24660,Ncom
2018-12-31 00:00:00,17623,Nrep
2019-01-08 00:00:00,135341,Com
2019-01-08 00:00:00,63623,Index
2019-01-08 00:00:00,27919,Ncom
2019-01-08 00:00:00,18927,Nrep
2019-01-15 00:00:00,137173,Com
2019-01-15 00:00:00,67072,Index
2019-01-15 00:00:00,29034,Ncom
2019-01-15 00:00:00,20364,Nrep
2019-01-22 00:00:00,133023,Com
2019-01-22 00:00:00,69186,Index
2019-01-22 00:00:00,32562,Ncom
2019-01-22 00:00:00,19601,Nrep
2019-01-29 00:00:00,138047,Com
2019-01-29 00:00:00,72722,Index
2019-01-29 00:00:00,34011,Ncom
2019-01-29 00:00:00,20855,Nrep
2019-02-05 00:00:00,134818,Com
2019-02-05 00:00:00,73055,Index
2019-02-05 00:00:00,32348,Ncom
2019-02-05 00:00:00,20832,Nrep
2019-02-12 00:00:00,141161,Com
2019-02-12 00:00:00,66000,Index
2019-02-12 00:00:00,31073,Ncom
2019-02-12 00:00:00,21557,Nrep
2019-02-19 00:00:00,129624,Com
2019-02-19 00:00:00,65296,Index
2019-02-19 00:00:00,33268,Ncom
2019-02-19 00:00:00,20528,Nrep
2019-02-26 00:00:00,145220,Com
2019-02-26 00:00:00,67331,Index
2019-02-26 00:00:00,37895,Ncom
2019-02-26 00:00:00,24361,Nrep
2019-03-05 00:00:00,148161,Com
2019-03-05 00:00:00,70353,Index
2019-03-05 00:00:00,37856,Ncom
2019-03-05 00:00:00,24154,Nrep
2019-03-12 00:00:00,151446,Com
2019-03-12 00:00:00,66423,Index
2019-03-12 00:00:00,38103,Ncom
2019-03-12 00:00:00,26005,Nrep
2019-03-19 00:00:00,154343,Com
2019-03-19 00:00:00,68483,Index
2019-03-19 00:00:00,39009,Ncom
2019-03-19 00:00:00,26487,Nrep
2019-03-26 00:00:00,157482,Com
2019-03-26 00:00:00,72036,Index
2019-03-26 00:00:00,41556,Ncom
2019-03-26 00:00:00,27639,Nrep
2019-04-02 00:00:00,164948,Com
2019-04-02 00:00:00,76207,Index
2019-04-02 00:00:00,41831,Ncom
2019-04-02 00:00:00,30494,Nrep
2019-04-09 00:00:00,155200,Com
2019-04-09 00:00:00,72314,Index
2019-04-09 00:00:00,42250,Ncom
2019-04-09 00:00:00,29633,Nrep
2019-04-16 00:00:00,154243,Com
2019-04-16 00:00:00,71163,Index
2019-04-16 00:00:00,41780,Ncom
2019-04-16 00:00:00,31239,Nrep
2019-04-23 00:00:00,152019,Com
2019-04-23 00:00:00,69912,Index
2019-04-23 00:00:00,42226,Ncom
2019-04-23 00:00:00,25959,Nrep
2019-04-30 00:00:00,147533,Com
2019-04-30 00:00:00,69423,Index
2019-04-30 00:00:00,43904,Ncom
2019-04-30 00:00:00,25195,Nrep
2019-05-07 00:00:00,162202,Com
2019-05-07 00:00:00,72262,Index
2019-05-07 00:00:00,42464,Ncom
2019-05-07 00:00:00,26754,Nrep
2019-05-14 00:00:00,154806,Com
2019-05-14 00:00:00,72676,Index
2019-05-14 00:00:00,42153,Ncom
2019-05-14 00:00:00,26763,Nrep
2019-05-21 00:00:00,154569,Com
2019-05-21 00:00:00,70548,Index
2019-05-21 00:00:00,45477,Ncom
2019-05-21 00:00:00,24573,Nrep
2019-05-28 00:00:00,157153,Com
2019-05-28 00:00:00,73673,Index
2019-05-28 00:00:00,45289,Ncom
2019-05-28 00:00:00,23254,Nrep
2019-06-04 00:00:00,149723,Com
2019-06-04 00:00:00,74585,Index
2019-06-04 00:00:00,43115,Ncom
2019-06-04 00:00:00,21423,Nrep
2019-06-11 00:00:00,145048,Com
2019-06-11 00:00:00,69493,Index
2019-06-11 00:00:00,34620,Ncom
2019-06-11 00:00:00,25224,Nrep
2019-06-18 00:00:00,135411,Com
2019-06-18 00:00:00,68838,Index
2019-06-18 00:00:00,35312,Ncom
2019-06-18 00:00:00,19720,Nrep
2019-06-25 00:00:00,134202,Com
2019-06-25 00:00:00,69083,Index
2019-06-25 00:00:00,35506,Ncom
2019-06-25 00:00:00,17960,Nrep
2019-07-02 00:00:00,132156,Com
2019-07-02 00:00:00,66802,Index
2019-07-02 00:00:00,33322,Ncom
2019-07-02 00:00:00,18497,Nrep
2019-07-09 00:00:00,125585,Com
2019-07-09 00:00:00,69868,Index
2019-07-09 00:00:00,33310,Ncom
2019-07-09 00:00:00,18620,Nrep
2019-07-16 00:00:00,123164,Com
2019-07-16 00:00:00,70866,Index
2019-07-16 00:00:00,32382,Ncom
2019-07-16 00:00:00,18584,Nrep
2019-07-23 00:00:00,125865,Com
2019-07-23 00:00:00,72177,Index
2019-07-23 00:00:00,32225,Ncom
2019-07-23 00:00:00,18920,Nrep
2019-07-30 00:00:00,130342,Com
2019-07-30 00:00:00,73631,Index
2019-07-30 00:00:00,32825,Ncom
2019-07-30 00:00:00,21748,Nrep
2019-08-06 00:00:00,128650,Com
2019-08-06 00:00:00,77660,Index
2019-08-06 00:00:00,34667,Ncom
2019-08-06 00:00:00,20566,Nrep
2019-08-13 00:00:00,118713,Com
2019-08-13 00:00:00,65438,Index
2019-08-13 00:00:00,32686,Ncom
2019-08-13 00:00:00,20777,Nrep
2019-08-20 00:00:00,118690,Com
2019-08-20 00:00:00,63351,Index
2019-08-20 00:00:00,32223,Ncom
2019-08-20 00:00:00,21231,Nrep
2019-08-27 00:00:00,113445,Com
2019-08-27 00:00:00,65374,Index
2019-08-27 00:00:00,33080,Ncom
2019-08-27 00:00:00,19723,Nrep
2019-09-03 00:00:00,120576,Com
2019-09-03 00:00:00,66133,Index
2019-09-03 00:00:00,32357,Ncom
2019-09-03 00:00:00,19245,Nrep
2019-09-10 00:00:00,118941,Com
2019-09-10 00:00:00,65220,Index
2019-09-10 00:00:00,33581,Ncom
2019-09-10 00:00:00,19458,Nrep
2019-09-17 00:00:00,117201,Com
2019-09-17 00:00:00,64474,Index
2019-09-17 00:00:00,30434,Ncom
2019-09-17 00:00:00,21000,Nrep
2019-09-24 00:00:00,119283,Com
2019-09-24 00:00:00,63461,Index
2019-09-24 00:00:00,31217,Ncom
2019-09-24 00:00:00,22709,Nrep
2019-10-01 00:00:00,118706,Com
2019-10-01 00:00:00,63013,Index
2019-10-01 00:00:00,31386,Ncom
2019-10-01 00:00:00,21567,Nrep
2019-10-08 00:00:00,125443,Com
2019-10-08 00:00:00,68954,Index
2019-10-08 00:00:00,26335,Ncom
2019-10-08 00:00:00,24442,Nrep
2019-10-15 00:00:00,141445,Com
2019-10-15 00:00:00,72492,Index
2019-10-15 00:00:00,27753,Ncom
2019-10-15 00:00:00,27972,Nrep
2019-10-22 00:00:00,145361,Com
2019-10-22 00:00:00,74903,Index
2019-10-22 00:00:00,31038,Ncom
2019-10-22 00:00:00,23006,Nrep
2019-10-29 00:00:00,142314,Com
2019-10-29 00:00:00,75102,Index
2019-10-29 00:00:00,31585,Ncom
2019-10-29 00:00:00,26331,Nrep
2019-11-05 00:00:00,146742,Com
2019-11-05 00:00:00,77565,Index
2019-11-05 00:00:00,31343,Ncom
2019-11-05 00:00:00,21978,Nrep
2019-11-12 00:00:00,131564,Com
2019-11-12 00:00:00,71714,Index
2019-11-12 00:00:00,32349,Ncom
2019-11-12 00:00:00,21151,Nrep
2019-11-19 00:00:00,113326,Com
2019-11-19 00:00:00,70916,Index
2019-11-19 00:00:00,29723,Ncom
2019-11-19 00:00:00,18842,Nrep
2019-11-26 00:00:00,115299,Com
2019-11-26 00:00:00,76075,Index
2019-11-26 00:00:00,28225,Ncom
2019-11-26 00:00:00,11733,Nrep
2019-12-03 00:00:00,120652,Com
2019-12-03 00:00:00,78205,Index
2019-12-03 00:00:00,33168,Ncom
2019-12-03 00:00:00,12292,Nrep
2019-12-10 00:00:00,119475,Com
2019-12-10 00:00:00,77305,Index
2019-12-10 00:00:00,39931,Ncom
2019-12-10 00:00:00,11712,Nrep
2019-12-17 00:00:00,113619,Com
2019-12-17 00:00:00,75935,Index
2019-12-17 00:00:00,41067,Ncom
2019-12-17 00:00:00,11391,Nrep
2019-12-24 00:00:00,112546,Com
2019-12-24 00:00:00,77190,Index
2019-12-24 00:00:00,41334,Ncom
2019-12-24 00:00:00,11499,Nrep
2019-12-31 00:00:00,114530,Com
2019-12-31 00:00:00,77049,Index
2019-12-31 00:00:00,41260,Ncom
2019-12-31 00:00:00,11267,Nrep
2020-01-07 00:00:00,112452,Com
2020-01-07 00:00:00,77352,Index
2020-01-07 00:00:00,40583,Ncom
2020-01-07 00:00:00,12986,Nrep
2020-01-14 00:00:00,113509,Com
2020-01-14 00:00:00,81496,Index
2020-01-14 00:00:00,37617,Ncom
2020-01-14 00:00:00,13533,Nrep
2020-01-21 00:00:00,114517,Com
2020-01-21 00:00:00,81112,Index
2020-01-21 00:00:00,34777,Ncom
2020-01-21 00:00:00,13489,Nrep
2020-01-28 00:00:00,126932,Com
2020-01-28 00:00:00,79611,Index
2020-01-28 00:00:00,33214,Ncom
2020-01-28 00:00:00,12703,Nrep
2020-02-04 00:00:00,142368,Com
2020-02-04 00:00:00,81615,Index
2020-02-04 00:00:00,32209,Ncom
2020-02-04 00:00:00,14455,Nrep
2020-02-11 00:00:00,152780,Com
2020-02-11 00:00:00,76839,Index
2020-02-11 00:00:00,31393,Ncom
2020-02-11 00:00:00,15617,Nrep
2020-02-18 00:00:00,139976,Com
2020-02-18 00:00:00,74294,Index
2020-02-18 00:00:00,30468,Ncom
2020-02-18 00:00:00,12552,Nrep
2020-02-25 00:00:00,134631,Com
2020-02-25 00:00:00,74695,Index
2020-02-25 00:00:00,28710,Ncom
2020-02-25 00:00:00,12686,Nrep
2020-03-03 00:00:00,132461,Com
2020-03-03 00:00:00,73105,Index
2020-03-03 00:00:00,30411,Ncom
2020-03-03 00:00:00,12718,Nrep
2020-03-10 00:00:00,130248,Com
2020-03-10 00:00:00,70539,Index
2020-03-10 00:00:00,25400,Ncom
2020-03-10 00:00:00,11667,Nrep
2020-03-17 00:00:00,131668,Com
2020-03-17 00:00:00,65944,Index
2020-03-17 00:00:00,20581,Ncom
2020-03-17 00:00:00,10567,Nrep
2020-03-24 00:00:00,136236,Com
2020-03-24 00:00:00,63998,Index
2020-03-24 00:00:00,20469,Ncom
2020-03-24 00:00:00,8989,Nrep
2020-03-31 00:00:00,131400,Com
2020-03-31 00:00:00,62784,Index
2020-03-31 00:00:00,21161,Ncom
2020-03-31 00:00:00,8971,Nrep
2020-04-07 00:00:00,132892,Com
2020-04-07 00:00:00,63067,Index
2020-04-07 00:00:00,19769,Ncom
2020-04-07 00:00:00,9426,Nrep
2020-04-14 00:00:00,119720,Com
2020-04-14 00:00:00,62045,Index
2020-04-14 00:00:00,20223,Ncom
2020-04-14 00:00:00,10216,Nrep
2020-04-21 00:00:00,110575,Com
2020-04-21 00:00:00,62488,Index
2020-04-21 00:00:00,22143,Ncom
2020-04-21 00:00:00,8818,Nrep
2020-04-28 00:00:00,114949,Com
2020-04-28 00:00:00,63420,Index
2020-04-28 00:00:00,22294,Ncom
2020-04-28 00:00:00,9178,Nrep
2020-05-05 00:00:00,120803,Com
2020-05-05 00:00:00,63248,Index
2020-05-05 00:00:00,24833,Ncom
2020-05-05 00:00:00,9958,Nrep
2020-05-12 00:00:00,119294,Com
2020-05-12 00:00:00,61758,Index
2020-05-12 00:00:00,27086,Ncom
2020-05-12 00:00:00,10678,Nrep
2020-05-19 00:00:00,120348,Com
2020-05-19 00:00:00,61570,Index
2020-05-19 00:00:00,27324,Ncom
2020-05-19 00:00:00,11181,Nrep
2020-05-26 00:00:00,126062,Com
2020-05-26 00:00:00,62643,Index
2020-05-26 00:00:00,26324,Ncom
2020-05-26 00:00:00,11987,Nrep
2020-06-02 00:00:00,137216,Com
2020-06-02 00:00:00,65235,Index
2020-06-02 00:00:00,28668,Ncom
2020-06-02 00:00:00,13724,Nrep
2020-06-09 00:00:00,142463,Com
2020-06-09 00:00:00,64076,Index
2020-06-09 00:00:00,29003,Ncom
2020-06-09 00:00:00,14701,Nrep
2020-06-16 00:00:00,132613,Com
2020-06-16 00:00:00,62690,Index
2020-06-16 00:00:00,30632,Ncom
2020-06-16 00:00:00,16299,Nrep
2020-06-23 00:00:00,129946,Com
2020-06-23 00:00:00,63284,Index
2020-06-23 00:00:00,31702,Ncom
2020-06-23 00:00:00,14919,Nrep
2020-06-30 00:00:00,130278,Com
2020-06-30 00:00:00,62551,Index
2020-06-30 00:00:00,31882,Ncom
2020-06-30 00:00:00,14416,Nrep
2020-07-07 00:00:00,128779,Com
2020-07-07 00:00:00,64386,Index
2020-07-07 00:00:00,31642,Ncom
2020-07-07 00:00:00,14561,Nrep
2020-07-14 00:00:00,127865,Com
2020-07-14 00:00:00,64221,Index
2020-07-14 00:00:00,31855,Ncom
2020-07-14 00:00:00,15565,Nrep
2020-07-21 00:00:00,129882,Com
2020-07-21 00:00:00,65228,Index
2020-07-21 00:00:00,32823,Ncom
2020-07-21 00:00:00,15363,Nrep
2020-07-28 00:00:00,120867,Com
2020-07-28 00:00:00,65163,Index
2020-07-28 00:00:00,32974,Ncom
2020-07-28 00:00:00,14241,Nrep
2020-08-04 00:00:00,119410,Com
2020-08-04 00:00:00,69481,Index
2020-08-04 00:00:00,35421,Ncom
2020-08-04 00:00:00,14117,Nrep
2020-08-11 00:00:00,116650,Com
2020-08-11 00:00:00,67506,Index
2020-08-11 00:00:00,34303,Ncom
2020-08-11 00:00:00,15741,Nrep
2020-08-18 00:00:00,107527,Com
2020-08-18 00:00:00,70263,Index
2020-08-18 00:00:00,35784,Ncom
2020-08-18 00:00:00,14682,Nrep
2020-08-25 00:00:00,104259,Com
2020-08-25 00:00:00,71198,Index
2020-08-25 00:00:00,39439,Ncom
2020-08-25 00:00:00,13913,Nrep
2020-09-01 00:00:00,105141,Com
2020-09-01 00:00:00,74507,Index
2020-09-01 00:00:00,44406,Ncom
2020-09-01 00:00:00,13747,Nrep
2020-09-08 00:00:00,102187,Com
2020-09-08 00:00:00,76276,Index
2020-09-08 00:00:00,45738,Ncom
2020-09-08 00:00:00,13502,Nrep
2020-09-15 00:00:00,92821,Com
2020-09-15 00:00:00,77713,Index
2020-09-15 00:00:00,48424,Ncom
2020-09-15 00:00:00,13646,Nrep
2020-09-22 00:00:00,100622,Com
2020-09-22 00:00:00,75063,Index
2020-09-22 00:00:00,44755,Ncom
2020-09-22 00:00:00,14647,Nrep
2020-09-29 00:00:00,106228,Com
2020-09-29 00:00:00,74287,Index
2020-09-29 00:00:00,41467,Ncom
2020-09-29 00:00:00,15340,Nrep
2020-10-06 00:00:00,111447,Com
2020-10-06 00:00:00,74725,Index
2020-10-06 00:00:00,40039,Ncom
2020-10-06 00:00:00,15644,Nrep
2020-10-13 00:00:00,112027,Com
2020-10-13 00:00:00,73074,Index
2020-10-13 00:00:00,40386,Ncom
2020-10-13 00:00:00,15213,Nrep
2020-10-20 00:00:00,117594,Com
2020-10-20 00:00:00,70888,Index
2020-10-20 00:00:00,40224,Ncom
2020-10-20 00:00:00,16793,Nrep
2020-10-27 00:00:00,120536,Com
2020-10-27 00:00:00,72132,Index
2020-10-27 00:00:00,37642,Ncom
2020-10-27 00:00:00,17130,Nrep
2020-11-03 00:00:00,127719,Com
2020-11-03 00:00:00,74702,Index
2020-11-03 00:00:00,34208,Ncom
2020-11-03 00:00:00,18018,Nrep
2020-11-10 00:00:00,129234,Com
2020-11-10 00:00:00,75329,Index
2020-11-10 00:00:00,34082,Ncom
2020-11-10 00:00:00,18138,Nrep
2020-11-17 00:00:00,115410,Com
2020-11-17 00:00:00,74737,Index
2020-11-17 00:00:00,34223,Ncom
2020-11-17 00:00:00,14404,Nrep
2020-11-24 00:00:00,109600,Com
2020-11-24 00:00:00,73490,Index
2020-11-24 00:00:00,36188,Ncom
2020-11-24 00:00:00,14268,Nrep
2020-12-01 00:00:00,111453,Com
2020-12-01 00:00:00,76047,Index
2020-12-01 00:00:00,37858,Ncom
2020-12-01 00:00:00,14516,Nrep
2020-12-08 00:00:00,110179,Com
2020-12-08 00:00:00,73893,Index
2020-12-08 00:00:00,35799,Ncom
2020-12-08 00:00:00,14672,Nrep
